Date,Temp (Â°C),Humidity (%),Solar Energy (kWh),Precipitation (mm),Season,Population,Urban Usage (kWh),Rural Usage (kWh),Total Usage (kWh),Adjusted Total Usage (kWh)
2020-01-01,19.7,67.1,18.2,0.0,Winter,3130000,2000.985,850.394,2851.379,3331.9707341756366
2020-01-02,20.3,69.9,18.0,0.0,Winter,3130000,2001.015,850.406,2851.4210000000003,3217.0673503961802
2020-01-03,18.9,77.4,17.9,0.0,Winter,3130000,2000.945,850.378,2851.323,3231.0247315995816
2020-01-04,17.8,80.6,15.4,0.0,Winter,3130000,2000.89,850.356,2851.246,3196.8424262664603
2020-01-05,18.4,76.4,17.0,0.0,Winter,3130000,2000.92,850.368,2851.288,3271.6427115141137
2020-01-06,20.3,73.8,17.3,0.0,Winter,3130000,2001.015,850.406,2851.4210000000003,3273.2706043399608
2020-01-07,22.2,75.2,14.2,0.0,Winter,3130000,2001.11,850.444,2851.554,3197.1008903560783
2020-01-08,21.8,79.3,15.4,0.0,Winter,3130000,2001.09,850.436,2851.526,3396.903354759856
2020-01-09,19.8,78.9,17.8,0.0,Winter,3130000,2000.99,850.396,2851.386,3359.8432526965753
2020-01-10,19.6,71.8,18.0,0.0,Winter,3130000,2000.98,850.392,2851.3720000000003,3273.41846148704
2020-01-11,20.5,75.2,16.5,0.0,Winter,3130000,2001.025,850.41,2851.435,3416.2661320662114
2020-01-12,20.9,72.0,18.5,0.0,Winter,3130000,2001.045,850.418,2851.463,3217.823282100124
2020-01-13,21.3,76.9,16.9,0.0,Winter,3130000,2001.065,850.426,2851.491,3300.535313101697
2020-01-14,20.9,77.7,15.7,0.0,Winter,3130000,2001.045,850.418,2851.463,3167.012251001128
2020-01-15,19.9,74.5,17.9,0.0,Winter,3130000,2000.995,850.398,2851.393,3225.9503124994403
2020-01-16,18.0,67.7,19.4,0.0,Winter,3130000,2000.9,850.36,2851.26,3367.8898584355234
2020-01-17,16.8,65.1,20.3,0.0,Winter,3130000,2000.84,850.336,2851.176,3153.564466572389
2020-01-18,18.5,66.2,19.2,0.0,Winter,3130000,2000.925,850.37,2851.295,3166.1598626199366
2020-01-19,20.7,70.7,18.4,0.0,Winter,3130000,2001.035,850.414,2851.449,3150.105782301172
2020-01-20,21.7,72.0,17.6,0.0,Winter,3130000,2001.085,850.434,2851.519,3245.595565632545
2020-01-21,23.0,69.3,17.3,0.0,Winter,3130000,2001.15,850.46,2851.61,3192.065433781627
2020-01-22,22.5,68.0,17.0,0.0,Winter,3130000,2001.125,850.45,2851.575,3397.4018560530967
2020-01-23,21.9,65.6,20.0,0.0,Winter,3130000,2001.095,850.438,2851.533,3231.3522707723287
2020-01-24,21.8,65.3,19.9,0.0,Winter,3130000,2001.09,850.436,2851.526,3239.3579100708234
2020-01-25,22.7,64.8,19.4,0.0,Winter,3130000,2001.135,850.454,2851.589,3415.089195455618
2020-01-26,23.0,65.2,19.4,0.0,Winter,3130000,2001.15,850.46,2851.61,3297.6065632581976
2020-01-27,22.5,65.1,19.5,0.0,Winter,3130000,2001.125,850.45,2851.575,3395.6155333397505
2020-01-28,20.2,73.8,18.2,0.0,Winter,3130000,2001.01,850.404,2851.414,3179.9954443527777
2020-01-29,19.1,73.3,19.1,0.0,Winter,3130000,2000.955,850.382,2851.337,3157.573770693159
2020-01-30,18.9,67.2,20.8,0.0,Winter,3130000,2000.945,850.378,2851.323,3256.497159502049
2020-01-31,19.7,65.7,20.7,0.0,Winter,3130000,2000.985,850.394,2851.379,3312.6832990126104
2020-02-01,20.3,67.1,20.8,0.0,Winter,3130000,2001.015,850.406,2851.4210000000003,3298.9733920565423
2020-02-02,21.3,65.2,20.9,0.0,Winter,3130000,2001.065,850.426,2851.491,3388.0799309431954
2020-02-03,21.7,71.3,18.8,0.0,Winter,3130000,2001.085,850.434,2851.519,3227.7925428684216
2020-02-04,21.6,70.7,18.4,0.0,Winter,3130000,2001.08,850.432,2851.512,3229.726702833887
2020-02-05,21.1,66.4,18.2,0.0,Winter,3130000,2001.055,850.422,2851.477,3232.4312392708025
2020-02-06,21.3,60.2,21.3,0.0,Winter,3130000,2001.065,850.426,2851.491,3380.8966483634235
2020-02-07,19.4,57.9,22.0,0.0,Winter,3130000,2000.97,850.388,2851.358,3290.124145937468
2020-02-08,19.9,64.9,16.5,0.0,Winter,3130000,2000.995,850.398,2851.393,3318.1959089076317
2020-02-09,21.0,64.5,18.7,0.0,Winter,3130000,2001.05,850.42,2851.47,3361.4632653744075
2020-02-10,22.6,66.4,15.4,0.1,Winter,3130000,2001.13,850.452,2851.5820000000003,3285.7351279082404
2020-02-11,22.7,68.8,15.4,0.0,Winter,3130000,2001.135,850.454,2851.589,3148.861672794455
2020-02-12,23.3,66.0,17.3,0.0,Winter,3130000,2001.165,850.466,2851.631,3327.2278009171705
2020-02-13,22.9,66.9,15.0,0.0,Winter,3130000,2001.145,850.458,2851.603,3157.9126093769887
2020-02-14,23.3,62.2,20.9,0.0,Winter,3130000,2001.165,850.466,2851.631,3216.2401112098723
2020-02-15,23.6,59.2,21.8,0.0,Winter,3130000,2001.18,850.472,2851.652,3155.9957117780264
2020-02-16,24.1,58.9,21.9,0.0,Winter,3130000,2001.205,850.482,2851.687,3407.7813927864004
2020-02-17,24.3,60.5,22.0,0.0,Winter,3130000,2001.215,850.486,2851.701,3138.4164548622284
2020-02-18,24.8,56.1,21.9,0.0,Winter,3130000,2001.24,850.496,2851.736,3364.225429307876
2020-02-19,25.1,54.8,22.2,0.0,Winter,3130000,2001.255,850.502,2851.757,3387.0301294705564
2020-02-20,25.0,55.9,21.9,0.0,Winter,3130000,2001.25,850.5,2851.75,3245.4464374937643
2020-02-21,24.8,56.0,20.9,0.0,Winter,3130000,2001.24,850.496,2851.736,3364.0384513370964
2020-02-22,25.0,57.4,22.1,0.0,Winter,3130000,2001.25,850.5,2851.75,3197.2911500113432
2020-02-23,25.2,55.8,22.4,0.0,Winter,3130000,2001.26,850.504,2851.764,3184.3700970445584
2020-02-24,25.2,50.0,22.7,0.0,Winter,3130000,2001.26,850.504,2851.764,3347.4247949970763
2020-02-25,23.2,48.1,23.6,0.0,Winter,3130000,2001.16,850.464,2851.6240000000003,3226.695261745358
2020-02-26,22.1,43.5,23.7,0.0,Winter,3130000,2001.105,850.442,2851.547,3159.1118759299998
2020-02-27,22.7,45.5,23.7,0.0,Winter,3130000,2001.135,850.454,2851.589,3339.213564544244
2020-02-28,23.9,47.3,20.6,0.0,Winter,3130000,2001.195,850.478,2851.673,3252.325346117387
2020-02-29,24.5,48.6,20.0,0.0,Winter,3130000,2001.225,850.49,2851.715,3344.176809253986
2020-03-01,24.4,51.2,20.9,0.0,Summer,3130000,1400.854,850.488,2251.342,2722.6293305833547
2020-03-02,24.1,52.8,23.1,0.0,Summer,3130000,1400.8435,850.482,2251.3255,2603.2440362636116
2020-03-03,23.0,52.3,24.3,0.0,Summer,3130000,1400.805,850.46,2251.2650000000003,2698.7898470467517
2020-03-04,21.8,63.2,24.2,0.0,Summer,3130000,1400.763,850.436,2251.199,2690.76121219735
2020-03-05,22.2,65.8,24.6,0.0,Summer,3130000,1400.7769999999998,850.444,2251.2209999999995,2734.595519908143
2020-03-06,22.0,68.9,20.3,0.0,Summer,3130000,1400.7699999999998,850.44,2251.21,2776.0586044581387
2020-03-07,22.1,65.3,24.2,0.0,Summer,3130000,1400.7735,850.442,2251.2155,2737.114659486748
2020-03-08,23.2,60.6,20.4,0.0,Summer,3130000,1400.812,850.464,2251.276,2669.4407392024796
2020-03-09,24.0,56.5,23.0,0.0,Summer,3130000,1400.84,850.48,2251.32,2738.5664887304856
2020-03-10,22.8,61.6,22.1,0.0,Summer,3130000,1400.798,850.456,2251.254,2715.2932707180707
2020-03-11,23.1,63.5,24.5,0.0,Summer,3130000,1400.8085,850.462,2251.2705,2719.693853471298
2020-03-12,22.4,64.5,21.7,0.0,Summer,3130000,1400.784,850.448,2251.232,2634.8295171885984
2020-03-13,22.0,60.8,25.4,0.0,Summer,3130000,1400.7699999999998,850.44,2251.21,2691.9507378459484
2020-03-14,23.0,48.4,25.8,0.0,Summer,3130000,1400.805,850.46,2251.2650000000003,2768.035777138194
2020-03-15,24.6,43.2,24.9,0.0,Summer,3130000,1400.861,850.492,2251.353,2689.1737028900197
2020-03-16,25.9,46.1,21.2,0.1,Summer,3130000,1400.9065,850.518,2251.4245,2602.3070624326115
2020-03-17,27.2,47.5,22.2,0.0,Summer,3130000,1400.9519999999998,850.544,2251.496,2700.5770542838627
2020-03-18,27.3,44.9,22.3,0.0,Summer,3130000,1400.9555,850.546,2251.5015000000003,2664.6600822928176
2020-03-19,26.5,36.6,25.9,0.0,Summer,3130000,1400.9275,850.53,2251.4575,2589.797821455291
2020-03-20,24.7,40.1,26.1,0.0,Summer,3130000,1400.8645,850.494,2251.3585,2799.006751184091
2020-03-21,24.5,50.7,25.9,0.0,Summer,3130000,1400.8574999999998,850.49,2251.3475,2697.260665479515
2020-03-22,26.1,58.0,24.5,0.0,Summer,3130000,1400.9135,850.522,2251.4355,2671.3195429446855
2020-03-23,27.1,53.8,24.1,0.0,Summer,3130000,1400.9485,850.542,2251.4905,2719.8875503133927
2020-03-24,27.9,54.0,20.4,0.0,Summer,3130000,1400.9765,850.558,2251.5345,2787.4539591992766
2020-03-25,26.2,67.1,19.5,2.7,Summer,3130000,1400.917,850.524,2251.441,2630.043653585458
2020-03-26,26.4,67.0,21.3,0.9,Summer,3130000,1400.924,850.528,2251.452,2751.784860126026
2020-03-27,26.8,69.5,20.5,0.4,Summer,3130000,1400.938,850.536,2251.474,2658.8874192904777
2020-03-28,25.7,69.3,20.6,3.0,Summer,3130000,1400.8995,850.514,2251.4135,2670.4872892146554
2020-03-29,26.0,68.8,22.9,4.0,Summer,3130000,1400.91,850.52,2251.43,2802.3923482499727
2020-03-30,27.2,60.3,24.0,0.6,Summer,3130000,1400.9519999999998,850.544,2251.496,2669.730379437825
2020-03-31,26.9,57.3,22.6,0.1,Summer,3130000,1400.9415,850.538,2251.4795,2775.5783927926914
2020-04-01,27.6,54.2,23.9,0.0,Summer,3130000,1400.966,850.552,2251.518,2747.213184430485
2020-04-02,28.2,50.9,23.5,0.0,Summer,3130000,1400.987,850.564,2251.551,2622.614675158206
2020-04-03,28.7,49.1,23.6,0.0,Summer,3130000,1401.0044999999998,850.574,2251.5785,2741.377604230332
2020-04-04,28.7,52.7,23.7,0.0,Summer,3130000,1401.0044999999998,850.574,2251.5785,2796.3742215519605
2020-04-05,28.8,50.2,26.0,0.0,Summer,3130000,1401.008,850.576,2251.584,2785.766328012327
2020-04-06,27.6,56.8,26.0,0.1,Summer,3130000,1400.966,850.552,2251.518,2734.660445686851
2020-04-07,27.4,53.4,25.4,0.1,Summer,3130000,1400.9589999999998,850.548,2251.507,2733.607612688431
2020-04-08,25.8,51.9,27.2,0.0,Summer,3130000,1400.9029999999998,850.516,2251.419,2808.2515773305336
2020-04-09,26.9,49.3,26.8,0.0,Summer,3130000,1400.9415,850.538,2251.4795,2774.699041150718
2020-04-10,27.8,55.3,23.3,0.0,Summer,3130000,1400.973,850.556,2251.529,2698.887064977843
2020-04-11,29.2,57.1,23.1,0.0,Summer,3130000,1401.022,850.584,2251.606,2772.705253933949
2020-04-12,29.4,57.8,22.3,0.2,Summer,3130000,1401.029,850.588,2251.617,2667.6033088336776
2020-04-13,29.8,59.1,23.6,0.7,Summer,3130000,1401.043,850.596,2251.639,2595.122973220171
2020-04-14,29.7,55.9,23.3,0.0,Summer,3130000,1401.0395,850.594,2251.6335,2699.8491458732387
2020-04-15,29.9,56.9,21.4,0.0,Summer,3130000,1401.0465,850.598,2251.6445,2602.505322172563
2020-04-16,29.0,68.2,23.0,0.1,Summer,3130000,1401.015,850.58,2251.595,2735.9865362555515
2020-04-17,29.1,64.8,24.1,0.0,Summer,3130000,1401.0185,850.582,2251.6005,2736.5968705612154
2020-04-18,29.7,62.6,24.1,1.5,Summer,3130000,1401.0395,850.594,2251.6335,2756.3220285248626
2020-04-19,29.4,56.3,23.5,0.5,Summer,3130000,1401.029,850.588,2251.617,2786.789694117011
2020-04-20,29.7,47.4,26.1,0.0,Summer,3130000,1401.0395,850.594,2251.6335,2709.9884867967603
2020-04-21,28.3,43.4,27.5,0.0,Summer,3130000,1400.9905,850.566,2251.5565,2716.2576546692176
2020-04-22,28.1,53.8,26.4,0.0,Summer,3130000,1400.9834999999998,850.562,2251.5455,2690.9346862618886
2020-04-23,29.4,58.9,26.5,0.0,Summer,3130000,1401.029,850.588,2251.617,2770.158734907605
2020-04-24,29.1,54.1,26.0,0.1,Summer,3130000,1401.0185,850.582,2251.6005,2603.527652399349
2020-04-25,28.4,55.7,27.4,0.0,Summer,3130000,1400.994,850.568,2251.562,2640.2555609705373
2020-04-26,28.0,53.2,27.8,0.0,Summer,3130000,1400.98,850.56,2251.54,2659.0436388817852
2020-04-27,27.7,62.5,25.3,0.0,Summer,3130000,1400.9695,850.554,2251.5235,2677.1858077258835
2020-04-28,29.8,58.2,24.0,0.0,Summer,3130000,1401.043,850.596,2251.639,2694.5890549740557
2020-04-29,29.6,64.2,22.0,0.0,Summer,3130000,1401.0359999999998,850.592,2251.628,2728.2739242546972
2020-04-30,28.5,68.1,22.4,1.0,Summer,3130000,1400.9975,850.57,2251.5675,2653.599513741124
2020-05-01,28.0,71.3,22.4,20.0,Summer,3130000,1400.98,850.56,2251.54,2810.459236372711
2020-05-02,29.0,67.6,24.1,0.2,Summer,3130000,1401.015,850.58,2251.595,2624.885714220767
2020-05-03,29.8,60.7,25.3,0.0,Summer,3130000,1401.043,850.596,2251.639,2738.5827312920974
2020-05-04,29.4,55.9,27.3,0.0,Summer,3130000,1401.029,850.588,2251.617,2599.0889136379506
2020-05-05,29.6,57.2,26.2,0.0,Summer,3130000,1401.0359999999998,850.592,2251.628,2777.0171564578227
2020-05-06,30.7,57.8,25.7,0.0,Summer,3130000,1401.0745,850.614,2251.6885,2661.513932369506
2020-05-07,30.0,51.2,27.7,0.0,Summer,3130000,1401.05,850.6,2251.65,2630.005198150884
2020-05-08,29.3,52.1,27.7,0.0,Summer,3130000,1401.0255,850.586,2251.6115,2755.5388618385377
2020-05-09,29.8,60.0,25.9,0.0,Summer,3130000,1401.043,850.596,2251.639,2672.7235443781565
2020-05-10,29.9,59.1,23.3,0.4,Summer,3130000,1401.0465,850.598,2251.6445,2742.89654667642
2020-05-11,28.9,63.9,23.4,2.1,Summer,3130000,1401.0114999999998,850.578,2251.5895,2669.445546090475
2020-05-12,30.1,52.2,25.3,0.0,Summer,3130000,1401.0535,850.602,2251.6555,2687.322019531071
2020-05-13,29.1,59.3,23.8,0.1,Summer,3130000,1401.0185,850.582,2251.6005,2812.1508733597684
2020-05-14,28.0,71.1,20.9,10.0,Summer,3130000,1400.98,850.56,2251.54,2765.2493726924845
2020-05-15,27.3,74.0,19.4,7.9,Summer,3130000,1400.9555,850.546,2251.5015000000003,2770.4243150433335
2020-05-16,28.4,70.4,19.8,1.4,Summer,3130000,1400.994,850.568,2251.562,2601.329975307774
2020-05-17,27.7,71.6,22.5,3.1,Summer,3130000,1400.9695,850.554,2251.5235,2763.54055182897
2020-05-18,28.4,68.7,21.7,0.1,Summer,3130000,1400.994,850.568,2251.562,2729.0558620752417
2020-05-19,27.9,71.5,22.1,0.4,Summer,3130000,1400.9765,850.558,2251.5345,2725.6366305100346
2020-05-20,28.0,69.3,24.1,0.4,Summer,3130000,1400.98,850.56,2251.54,2642.055156957813
2020-05-21,28.5,67.5,24.9,0.0,Summer,3130000,1400.9975,850.57,2251.5675,2697.542090300919
2020-05-22,28.7,67.9,24.5,0.0,Summer,3130000,1401.0044999999998,850.574,2251.5785,2711.217801132909
2020-05-23,29.5,58.3,26.6,0.0,Summer,3130000,1401.0324999999998,850.59,2251.6225,2721.735199934691
2020-05-24,29.6,64.8,24.9,0.0,Summer,3130000,1401.0359999999998,850.592,2251.628,2593.6366430838757
2020-05-25,29.8,66.1,25.1,0.0,Summer,3130000,1401.043,850.596,2251.639,2651.1043308167227
2020-05-26,29.6,63.5,24.7,0.0,Summer,3130000,1401.0359999999998,850.592,2251.628,2621.3091637592092
2020-05-27,28.8,62.5,26.3,0.0,Summer,3130000,1401.008,850.576,2251.584,2743.7425836887355
2020-05-28,28.4,65.2,26.1,0.0,Summer,3130000,1400.994,850.568,2251.562,2722.083119543418
2020-05-29,28.7,67.8,25.1,0.3,Summer,3130000,1401.0044999999998,850.574,2251.5785,2729.4442517369575
2020-05-30,29.4,67.7,24.8,0.0,Summer,3130000,1401.029,850.588,2251.617,2742.1259104025685
2020-05-31,28.5,69.2,22.3,0.3,Summer,3130000,1400.9975,850.57,2251.5675,2597.846360284675
2020-06-01,24.9,83.3,8.7,5.7,Monsoon,3130000,1400.8714999999995,850.498,2251.3695,2251.3695
2020-06-02,24.7,84.5,9.8,39.0,Monsoon,3130000,1400.8645,850.494,2251.3585,2251.3585
2020-06-03,23.1,93.5,3.7,46.0,Monsoon,3130000,1400.8085,850.462,2251.2705,2251.2705
2020-06-04,23.6,86.4,17.4,7.0,Monsoon,3130000,1400.826,850.472,2251.298,2251.298
2020-06-05,25.1,77.8,19.7,1.4,Monsoon,3130000,1400.8785,850.502,2251.3805,2251.3805
2020-06-06,25.6,79.4,17.8,7.0,Monsoon,3130000,1400.896,850.512,2251.408,2251.408
2020-06-07,26.1,78.6,16.8,0.2,Monsoon,3130000,1400.9135,850.522,2251.4355,2251.4355
2020-06-08,25.4,78.9,13.0,2.2,Monsoon,3130000,1400.889,850.508,2251.397,2251.397
2020-06-09,26.0,79.3,17.3,0.5,Monsoon,3130000,1400.91,850.52,2251.43,2251.43
2020-06-10,26.1,80.6,16.8,1.0,Monsoon,3130000,1400.9135,850.522,2251.4355,2251.4355
2020-06-11,26.0,81.6,12.7,3.5,Monsoon,3130000,1400.91,850.52,2251.43,2251.43
2020-06-12,25.4,82.6,13.9,2.5,Monsoon,3130000,1400.889,850.508,2251.397,2251.397
2020-06-13,25.3,85.8,14.0,0.4,Monsoon,3130000,1400.8855,850.506,2251.3915,2251.3915
2020-06-14,25.9,84.6,11.9,2.0,Monsoon,3130000,1400.9065,850.518,2251.4245,2251.4245
2020-06-15,25.3,88.8,11.2,5.0,Monsoon,3130000,1400.8855,850.506,2251.3915,2251.3915
2020-06-16,25.3,89.1,10.2,0.2,Monsoon,3130000,1400.8855,850.506,2251.3915,2251.3915
2020-06-17,24.5,89.5,6.6,22.0,Monsoon,3130000,1400.8574999999998,850.49,2251.3475,2251.3475
2020-06-18,24.3,90.8,5.6,11.0,Monsoon,3130000,1400.8504999999998,850.486,2251.3365,2251.3365
2020-06-19,25.6,85.3,14.6,1.2,Monsoon,3130000,1400.896,850.512,2251.408,2251.408
2020-06-20,26.1,80.1,17.3,1.3,Monsoon,3130000,1400.9135,850.522,2251.4355,2251.4355
2020-06-21,25.2,84.2,15.2,0.3,Monsoon,3130000,1400.8819999999998,850.504,2251.386,2251.386
2020-06-22,25.9,78.7,17.3,0.6,Monsoon,3130000,1400.9065,850.518,2251.4245,2251.4245
2020-06-23,26.0,78.1,14.8,1.3,Monsoon,3130000,1400.91,850.52,2251.43,2251.43
2020-06-24,26.1,79.8,16.5,2.1,Monsoon,3130000,1400.9135,850.522,2251.4355,2251.4355
2020-06-25,26.6,79.8,18.7,2.0,Monsoon,3130000,1400.9309999999998,850.532,2251.463,2251.463
2020-06-26,26.0,84.0,17.3,0.5,Monsoon,3130000,1400.91,850.52,2251.43,2251.43
2020-06-27,26.4,82.2,12.6,12.1,Monsoon,3130000,1400.924,850.528,2251.452,2251.452
2020-06-28,26.4,83.2,10.6,14.0,Monsoon,3130000,1400.924,850.528,2251.452,2251.452
2020-06-29,25.3,89.0,9.5,54.0,Monsoon,3130000,1400.8855,850.506,2251.3915,2251.3915
2020-06-30,25.6,86.9,15.0,6.9,Monsoon,3130000,1400.896,850.512,2251.408,2251.408
2020-07-01,25.6,84.3,11.5,5.0,Monsoon,3130000,2001.28,850.512,2851.792,2851.792
2020-07-02,25.6,83.2,14.7,2.7,Monsoon,3130000,2001.28,850.512,2851.792,2851.792
2020-07-03,24.8,88.0,6.5,0.1,Monsoon,3130000,2001.24,850.496,2851.736,2851.736
2020-07-04,24.2,89.6,5.6,3.0,Monsoon,3130000,2001.21,850.484,2851.694,2851.694
2020-07-05,24.0,89.8,5.0,3.2,Monsoon,3130000,2001.2,850.48,2851.6800000000003,2851.6800000000003
2020-07-06,24.9,85.3,11.8,0.1,Monsoon,3130000,2001.245,850.498,2851.743,2851.743
2020-07-07,24.0,92.1,10.2,17.9,Monsoon,3130000,2001.2,850.48,2851.6800000000003,2851.6800000000003
2020-07-08,24.5,92.4,13.1,1.0,Monsoon,3130000,2001.225,850.49,2851.715,2851.715
2020-07-09,24.5,90.8,12.1,0.9,Monsoon,3130000,2001.225,850.49,2851.715,2851.715
2020-07-10,25.1,87.0,11.0,1.0,Monsoon,3130000,2001.255,850.502,2851.757,2851.757
2020-07-11,25.5,85.0,11.4,1.1,Monsoon,3130000,2001.275,850.51,2851.785,2851.785
2020-07-12,24.7,86.3,11.0,3.9,Monsoon,3130000,2001.235,850.494,2851.729,2851.729
2020-07-13,24.6,87.4,11.0,2.0,Monsoon,3130000,2001.23,850.492,2851.722,2851.722
2020-07-14,24.6,88.3,8.6,10.2,Monsoon,3130000,2001.23,850.492,2851.722,2851.722
2020-07-15,24.2,89.4,5.1,23.5,Monsoon,3130000,2001.21,850.484,2851.694,2851.694
2020-07-16,23.6,89.2,7.6,0.1,Monsoon,3130000,2001.18,850.472,2851.652,2851.652
2020-07-17,24.1,88.4,10.1,0.2,Monsoon,3130000,2001.205,850.482,2851.687,2851.687
2020-07-18,25.1,86.0,17.2,0.3,Monsoon,3130000,2001.255,850.502,2851.757,2851.757
2020-07-19,25.5,84.4,16.6,1.9,Monsoon,3130000,2001.275,850.51,2851.785,2851.785
2020-07-20,25.9,82.9,13.2,11.3,Monsoon,3130000,2001.295,850.518,2851.813,2851.813
2020-07-21,25.8,83.6,13.2,10.5,Monsoon,3130000,2001.29,850.516,2851.806,2851.806
2020-07-22,25.8,85.0,13.7,1.0,Monsoon,3130000,2001.29,850.516,2851.806,2851.806
2020-07-23,25.9,83.2,10.1,0.9,Monsoon,3130000,2001.295,850.518,2851.813,2851.813
2020-07-24,23.7,93.8,8.1,37.1,Monsoon,3130000,2001.185,850.474,2851.659,2851.659
2020-07-25,24.9,84.0,13.1,36.0,Monsoon,3130000,2001.245,850.498,2851.743,2851.743
2020-07-26,25.0,85.3,15.8,4.6,Monsoon,3130000,2001.25,850.5,2851.75,2851.75
2020-07-27,24.8,84.4,13.2,1.9,Monsoon,3130000,2001.24,850.496,2851.736,2851.736
2020-07-28,24.8,86.4,13.7,3.0,Monsoon,3130000,2001.24,850.496,2851.736,2851.736
2020-07-29,24.8,88.8,8.9,10.7,Monsoon,3130000,2001.24,850.496,2851.736,2851.736
2020-07-30,25.3,86.3,12.1,0.9,Monsoon,3130000,2001.265,850.506,2851.771,2851.771
2020-07-31,25.5,85.2,14.3,8.0,Monsoon,3130000,2001.275,850.51,2851.785,2851.785
2020-08-01,25.4,84.8,15.9,5.1,Monsoon,3130000,2001.27,850.508,2851.778,2851.778
2020-08-02,25.5,84.8,15.1,4.2,Monsoon,3130000,2001.275,850.51,2851.785,2851.785
2020-08-03,24.7,87.0,11.4,0.6,Monsoon,3130000,2001.235,850.494,2851.729,2851.729
2020-08-04,23.2,94.8,3.1,53.4,Monsoon,3130000,2001.16,850.464,2851.6240000000003,2851.6240000000003
2020-08-05,23.5,94.8,2.4,23.0,Monsoon,3130000,2001.175,850.47,2851.645,2851.645
2020-08-06,23.4,93.5,7.4,9.0,Monsoon,3130000,2001.17,850.468,2851.638,2851.638
2020-08-07,24.3,90.2,14.2,3.3,Monsoon,3130000,2001.215,850.486,2851.701,2851.701
2020-08-08,24.1,90.0,16.5,0.3,Monsoon,3130000,2001.205,850.482,2851.687,2851.687
2020-08-09,24.5,88.3,14.4,3.7,Monsoon,3130000,2001.225,850.49,2851.715,2851.715
2020-08-10,23.8,92.6,5.0,18.0,Monsoon,3130000,2001.19,850.476,2851.666,2851.666
2020-08-11,23.5,92.3,4.1,11.2,Monsoon,3130000,2001.175,850.47,2851.645,2851.645
2020-08-12,23.3,93.3,5.1,6.0,Monsoon,3130000,2001.165,850.466,2851.631,2851.631
2020-08-13,22.8,94.8,4.5,13.0,Monsoon,3130000,2001.14,850.456,2851.596,2851.596
2020-08-14,22.7,93.8,5.0,17.0,Monsoon,3130000,2001.135,850.454,2851.589,2851.589
2020-08-15,22.5,96.8,4.2,22.0,Monsoon,3130000,2001.125,850.45,2851.575,2851.575
2020-08-16,23.1,95.3,4.8,6.0,Monsoon,3130000,2001.155,850.462,2851.617,2851.617
2020-08-17,23.1,94.5,8.1,3.9,Monsoon,3130000,2001.155,850.462,2851.617,2851.617
2020-08-18,23.5,92.2,5.8,1.0,Monsoon,3130000,2001.175,850.47,2851.645,2851.645
2020-08-19,23.7,91.4,9.9,0.2,Monsoon,3130000,2001.185,850.474,2851.659,2851.659
2020-08-20,23.3,93.3,8.5,0.1,Monsoon,3130000,2001.165,850.466,2851.631,2851.631
2020-08-21,23.3,93.3,8.0,15.3,Monsoon,3130000,2001.165,850.466,2851.631,2851.631
2020-08-22,24.0,90.7,9.8,3.3,Monsoon,3130000,2001.2,850.48,2851.6800000000003,2851.6800000000003
2020-08-23,23.8,90.5,13.1,0.1,Monsoon,3130000,2001.19,850.476,2851.666,2851.666
2020-08-24,23.9,89.8,15.4,0.2,Monsoon,3130000,2001.195,850.478,2851.673,2851.673
2020-08-25,24.5,85.8,17.0,2.8,Monsoon,3130000,2001.225,850.49,2851.715,2851.715
2020-08-26,24.2,86.6,15.9,0.9,Monsoon,3130000,2001.21,850.484,2851.694,2851.694
2020-08-27,24.0,87.0,13.9,1.2,Monsoon,3130000,2001.2,850.48,2851.6800000000003,2851.6800000000003
2020-08-28,23.2,92.9,7.0,5.9,Monsoon,3130000,2001.16,850.464,2851.6240000000003,2851.6240000000003
2020-08-29,23.2,93.5,7.5,6.0,Monsoon,3130000,2001.16,850.464,2851.6240000000003,2851.6240000000003
2020-08-30,23.2,92.3,10.6,0.4,Monsoon,3130000,2001.16,850.464,2851.6240000000003,2851.6240000000003
2020-08-31,24.0,87.8,16.4,2.9,Monsoon,3130000,2001.2,850.48,2851.6800000000003,2851.6800000000003
2020-09-01,24.4,86.3,16.4,0.2,Autumn,3130000,2001.22,850.488,2851.708,2851.708
2020-09-02,25.3,81.7,18.8,0.2,Autumn,3130000,2001.265,850.506,2851.771,2851.771
2020-09-03,25.6,83.9,17.3,8.3,Autumn,3130000,2001.28,850.512,2851.792,2851.792
2020-09-04,26.5,80.7,18.8,1.0,Autumn,3130000,2001.325,850.53,2851.855,2851.855
2020-09-05,26.9,80.8,20.2,22.0,Autumn,3130000,2001.345,850.538,2851.883,2851.883
2020-09-06,26.2,85.4,17.3,18.0,Autumn,3130000,2001.31,850.524,2851.834,2851.834
2020-09-07,25.1,86.8,14.0,3.1,Autumn,3130000,2001.255,850.502,2851.757,2851.757
2020-09-08,25.4,86.6,14.8,0.9,Autumn,3130000,2001.27,850.508,2851.778,2851.778
2020-09-09,25.5,85.4,16.9,39.0,Autumn,3130000,2001.275,850.51,2851.785,2851.785
2020-09-10,25.7,85.7,16.2,0.7,Autumn,3130000,2001.285,850.514,2851.799,2851.799
2020-09-11,25.4,86.3,15.8,38.0,Autumn,3130000,2001.27,850.508,2851.778,2851.778
2020-09-12,24.6,88.1,14.1,6.0,Autumn,3130000,2001.23,850.492,2851.722,2851.722
2020-09-13,23.7,85.4,11.6,0.2,Autumn,3130000,2001.185,850.474,2851.659,2851.659
2020-09-14,23.5,89.4,8.6,0.4,Autumn,3130000,2001.175,850.47,2851.645,2851.645
2020-09-15,23.9,88.2,10.4,2.0,Autumn,3130000,2001.195,850.478,2851.673,2851.673
2020-09-16,24.3,88.8,14.3,0.6,Autumn,3130000,2001.215,850.486,2851.701,2851.701
2020-09-17,24.4,90.7,10.6,13.3,Autumn,3130000,2001.22,850.488,2851.708,2851.708
2020-09-18,24.0,90.1,6.7,25.0,Autumn,3130000,2001.2,850.48,2851.6800000000003,2851.6800000000003
2020-09-19,23.9,91.4,10.1,13.0,Autumn,3130000,2001.195,850.478,2851.673,2851.673
2020-09-20,24.7,88.2,13.3,11.0,Autumn,3130000,2001.235,850.494,2851.729,2851.729
2020-09-21,24.3,90.4,10.0,26.0,Autumn,3130000,2001.215,850.486,2851.701,2851.701
2020-09-22,24.5,90.2,10.1,11.7,Autumn,3130000,2001.225,850.49,2851.715,2851.715
2020-09-23,23.8,90.9,7.4,21.4,Autumn,3130000,2001.19,850.476,2851.666,2851.666
2020-09-24,24.6,88.6,12.0,3.3,Autumn,3130000,2001.23,850.492,2851.722,2851.722
2020-09-25,24.0,91.8,9.7,10.0,Autumn,3130000,2001.2,850.48,2851.6800000000003,2851.6800000000003
2020-09-26,23.6,86.3,13.1,0.6,Autumn,3130000,2001.18,850.472,2851.652,2851.652
2020-09-27,23.7,86.9,15.0,1.2,Autumn,3130000,2001.185,850.474,2851.659,2851.659
2020-09-28,24.1,82.4,17.7,1.5,Autumn,3130000,2001.205,850.482,2851.687,2851.687
2020-09-29,24.7,80.6,16.9,0.6,Autumn,3130000,2001.235,850.494,2851.729,2851.729
2020-09-30,24.8,80.3,18.4,0.8,Autumn,3130000,2001.24,850.496,2851.736,2851.736
2020-10-01,24.7,80.1,18.8,0.5,Autumn,3130000,2001.235,850.494,2851.729,2851.729
2020-10-02,24.6,84.9,14.8,1.0,Autumn,3130000,2001.23,850.492,2851.722,2851.722
2020-10-03,25.1,81.6,17.0,0.2,Autumn,3130000,2001.255,850.502,2851.757,2851.757
2020-10-04,24.4,87.7,10.6,1.1,Autumn,3130000,2001.22,850.488,2851.708,2851.708
2020-10-05,24.5,85.4,15.1,0.2,Autumn,3130000,2001.225,850.49,2851.715,2851.715
2020-10-06,25.7,77.8,19.4,0.0,Autumn,3130000,2001.285,850.514,2851.799,2851.799
2020-10-07,25.8,78.1,18.8,0.0,Autumn,3130000,2001.29,850.516,2851.806,2851.806
2020-10-08,26.1,75.6,18.7,0.0,Autumn,3130000,2001.305,850.522,2851.827,2851.827
2020-10-09,26.2,77.5,18.8,0.5,Autumn,3130000,2001.31,850.524,2851.834,2851.834
2020-10-10,25.5,85.1,15.3,12.0,Autumn,3130000,2001.275,850.51,2851.785,2851.785
2020-10-11,23.7,92.9,8.5,11.4,Autumn,3130000,2001.185,850.474,2851.659,2851.659
2020-10-12,23.9,84.1,10.1,12.0,Autumn,3130000,2001.195,850.478,2851.673,2851.673
2020-10-13,24.5,88.2,15.8,10.0,Autumn,3130000,2001.225,850.49,2851.715,2851.715
2020-10-14,23.7,94.7,4.8,96.0,Autumn,3130000,2001.185,850.474,2851.659,2851.659
2020-10-15,23.7,92.1,8.0,19.0,Autumn,3130000,2001.185,850.474,2851.659,2851.659
2020-10-16,24.0,89.0,9.8,3.0,Autumn,3130000,2001.2,850.48,2851.6800000000003,2851.6800000000003
2020-10-17,24.3,84.8,16.9,9.0,Autumn,3130000,2001.215,850.486,2851.701,2851.701
2020-10-18,24.1,87.8,15.4,3.0,Autumn,3130000,2001.205,850.482,2851.687,2851.687
2020-10-19,24.4,89.0,12.6,45.0,Autumn,3130000,2001.22,850.488,2851.708,2851.708
2020-10-20,25.0,87.8,13.8,43.0,Autumn,3130000,2001.25,850.5,2851.75,2851.75
2020-10-21,24.7,86.8,15.9,7.0,Autumn,3130000,2001.235,850.494,2851.729,2851.729
2020-10-22,24.8,87.0,15.2,2.0,Autumn,3130000,2001.24,850.496,2851.736,2851.736
2020-10-23,24.5,85.0,14.9,2.1,Autumn,3130000,2001.225,850.49,2851.715,2851.715
2020-10-24,24.0,86.1,15.6,28.0,Autumn,3130000,2001.2,850.48,2851.6800000000003,2851.6800000000003
2020-10-25,24.1,83.4,16.1,6.0,Autumn,3130000,2001.205,850.482,2851.687,2851.687
2020-10-26,24.2,84.4,14.8,1.6,Autumn,3130000,2001.21,850.484,2851.694,2851.694
2020-10-27,24.2,80.2,16.6,0.7,Autumn,3130000,2001.21,850.484,2851.694,2851.694
2020-10-28,23.8,79.3,17.3,0.8,Autumn,3130000,2001.19,850.476,2851.666,2851.666
2020-10-29,23.8,77.6,17.0,0.0,Autumn,3130000,2001.19,850.476,2851.666,2851.666
2020-10-30,24.1,75.2,16.1,0.0,Autumn,3130000,2001.205,850.482,2851.687,2851.687
2020-10-31,23.8,70.3,17.7,0.0,Autumn,3130000,2001.19,850.476,2851.666,2851.666
2020-11-01,23.8,74.0,15.7,0.1,Autumn,3130000,2001.19,850.476,2851.666,2851.666
2020-11-02,23.9,73.8,15.5,0.0,Autumn,3130000,2001.195,850.478,2851.673,2851.673
2020-11-03,23.4,70.8,20.1,0.0,Autumn,3130000,2001.17,850.468,2851.638,2851.638
2020-11-04,22.6,72.4,19.8,0.0,Autumn,3130000,2001.13,850.452,2851.5820000000003,2851.5820000000003
2020-11-05,22.0,71.6,20.3,0.0,Autumn,3130000,2001.1,850.44,2851.54,2851.54
2020-11-06,21.3,66.3,21.0,0.0,Autumn,3130000,2001.065,850.426,2851.491,2851.491
2020-11-07,21.6,72.0,20.1,0.0,Autumn,3130000,2001.08,850.432,2851.512,2851.512
2020-11-08,22.2,72.6,19.9,0.0,Autumn,3130000,2001.11,850.444,2851.554,2851.554
2020-11-09,20.9,67.1,20.3,0.0,Autumn,3130000,2001.045,850.418,2851.463,2851.463
2020-11-10,19.3,63.7,20.9,0.0,Autumn,3130000,2000.965,850.386,2851.351,2851.351
2020-11-11,19.0,61.8,20.9,0.0,Autumn,3130000,2000.95,850.38,2851.33,2851.33
2020-11-12,19.8,65.0,20.2,0.0,Autumn,3130000,2000.99,850.396,2851.386,2851.386
2020-11-13,22.6,75.0,16.0,0.0,Autumn,3130000,2001.13,850.452,2851.5820000000003,2851.5820000000003
2020-11-14,24.0,75.3,16.4,0.0,Autumn,3130000,2001.2,850.48,2851.6800000000003,2851.6800000000003
2020-11-15,24.0,72.0,17.2,0.0,Autumn,3130000,2001.2,850.48,2851.6800000000003,2851.6800000000003
2020-11-16,24.1,69.1,18.8,0.0,Autumn,3130000,2001.205,850.482,2851.687,2851.687
2020-11-17,24.2,73.7,16.2,0.0,Autumn,3130000,2001.21,850.484,2851.694,2851.694
2020-11-18,24.3,77.7,14.0,0.5,Autumn,3130000,2001.215,850.486,2851.701,2851.701
2020-11-19,25.0,79.0,14.8,0.1,Autumn,3130000,2001.25,850.5,2851.75,2851.75
2020-11-20,24.4,80.7,15.1,5.0,Autumn,3130000,2001.22,850.488,2851.708,2851.708
2020-11-21,24.5,77.3,16.1,0.2,Autumn,3130000,2001.225,850.49,2851.715,2851.715
2020-11-22,23.4,77.9,13.6,0.3,Autumn,3130000,2001.17,850.468,2851.638,2851.638
2020-11-23,23.2,75.8,14.4,0.0,Autumn,3130000,2001.16,850.464,2851.6240000000003,2851.6240000000003
2020-11-24,22.7,73.5,13.6,0.0,Autumn,3130000,2001.135,850.454,2851.589,2851.589
2020-11-25,21.7,66.4,19.1,0.0,Autumn,3130000,2001.085,850.434,2851.519,2851.519
2020-11-26,21.1,63.2,18.7,0.0,Autumn,3130000,2001.055,850.422,2851.477,2851.477
2020-11-27,21.8,61.5,18.1,0.0,Autumn,3130000,2001.09,850.436,2851.526,2851.526
2020-11-28,21.9,70.3,11.3,0.5,Autumn,3130000,2001.095,850.438,2851.533,2851.533
2020-11-29,23.5,72.2,15.0,0.0,Autumn,3130000,2001.175,850.47,2851.645,2851.645
2020-11-30,23.6,75.7,14.9,0.3,Autumn,3130000,2001.18,850.472,2851.652,2851.652
2020-12-01,23.6,75.1,15.2,0.0,Winter,3130000,2001.18,850.472,2851.652,3142.5252758908014
2020-12-02,22.6,72.1,18.1,0.0,Winter,3130000,2001.13,850.452,2851.5820000000003,3281.555435808793
2020-12-03,21.1,65.9,18.7,0.0,Winter,3130000,2001.055,850.422,2851.477,3149.159729659323
2020-12-04,20.2,64.0,18.6,0.0,Winter,3130000,2001.01,850.404,2851.414,3299.530340365306
2020-12-05,20.2,60.8,18.7,0.0,Winter,3130000,2001.01,850.404,2851.414,3170.0977054307627
2020-12-06,19.6,58.3,19.0,0.0,Winter,3130000,2000.98,850.392,2851.3720000000003,3148.9501644151364
2020-12-07,20.1,61.6,18.7,0.0,Winter,3130000,2001.005,850.402,2851.407,3179.163553260591
2020-12-08,21.3,62.1,18.6,0.0,Winter,3130000,2001.065,850.426,2851.491,3400.6952240882238
2020-12-09,22.6,63.2,16.3,0.0,Winter,3130000,2001.13,850.452,2851.5820000000003,3198.0178878138872
2020-12-10,24.1,65.7,15.5,0.1,Winter,3130000,2001.205,850.482,2851.687,3241.1034670183953
2020-12-11,22.7,81.0,9.8,0.9,Winter,3130000,2001.135,850.454,2851.589,3274.9060732824255
2020-12-12,23.4,77.0,14.0,0.5,Winter,3130000,2001.17,850.468,2851.638,3338.942386253598
2020-12-13,22.2,78.9,12.5,3.2,Winter,3130000,2001.11,850.444,2851.554,3186.1055572151945
2020-12-14,21.3,90.8,7.8,5.0,Winter,3130000,2001.065,850.426,2851.491,3153.6590633687883
2020-12-15,22.1,82.4,16.4,0.0,Winter,3130000,2001.105,850.442,2851.547,3231.8856617108618
2020-12-16,22.0,75.8,17.6,0.0,Winter,3130000,2001.1,850.44,2851.54,3282.3565568201107
2020-12-17,21.2,75.3,17.0,0.0,Winter,3130000,2001.06,850.424,2851.484,3319.1326411864475
2020-12-18,20.7,74.0,17.9,0.0,Winter,3130000,2001.035,850.414,2851.449,3137.8379199385126
2020-12-19,20.4,70.2,18.3,0.0,Winter,3130000,2001.02,850.408,2851.428,3241.7289101286374
2020-12-20,19.7,63.5,18.7,0.0,Winter,3130000,2000.985,850.394,2851.379,3174.0776337512934
2020-12-21,18.4,60.3,18.8,0.0,Winter,3130000,2000.92,850.368,2851.288,3156.6090785250876
2020-12-22,17.5,60.2,18.6,0.0,Winter,3130000,2000.875,850.35,2851.225,3385.7347142786584
2020-12-23,17.9,63.0,18.6,0.0,Winter,3130000,2000.895,850.358,2851.253,3345.88911660752
2020-12-24,18.9,65.9,18.4,0.0,Winter,3130000,2000.945,850.378,2851.323,3313.3769077395064
2020-12-25,20.1,67.0,17.9,0.0,Winter,3130000,2001.005,850.402,2851.407,3403.4672950982495
2020-12-26,20.8,68.2,18.0,0.0,Winter,3130000,2001.04,850.416,2851.456,3374.0661297957727
2020-12-27,21.3,70.0,18.0,0.0,Winter,3130000,2001.065,850.426,2851.491,3203.6788337002336
2020-12-28,21.2,71.5,18.2,0.0,Winter,3130000,2001.06,850.424,2851.484,3189.8198530810437
2020-12-29,20.5,71.1,18.3,0.0,Winter,3130000,2001.025,850.41,2851.435,3216.761068164408
2020-12-30,20.5,70.6,18.5,0.0,Winter,3130000,2001.025,850.41,2851.435,3379.778313734801
2020-12-31,20.6,70.2,17.5,0.0,Winter,3130000,2001.03,850.412,2851.442,3375.3848065783354
2021-01-01,22.3,74.8,15.0,0.0,Winter,3130000,2001.115,850.446,2851.561,3194.661843169814
2021-01-02,22.6,70.8,16.6,0.0,Winter,3130000,2001.13,850.452,2851.5820000000003,3139.999855347206
2021-01-03,21.8,66.2,17.1,0.0,Winter,3130000,2001.09,850.436,2851.526,3204.3950993258545
2021-01-04,22.0,77.4,13.6,2.8,Winter,3130000,2001.1,850.44,2851.54,3273.172415372147
2021-01-05,22.0,82.1,10.2,1.1,Winter,3130000,2001.1,850.44,2851.54,3294.2102108967374
2021-01-06,23.2,76.9,14.2,1.2,Winter,3130000,2001.16,850.464,2851.6240000000003,3342.156676171577
2021-01-07,22.5,84.6,9.8,4.0,Winter,3130000,2001.125,850.45,2851.575,3152.267840020764
2021-01-08,22.2,87.7,6.8,33.0,Winter,3130000,2001.11,850.444,2851.554,3236.357156963228
2021-01-09,23.4,84.3,13.3,0.9,Winter,3130000,2001.17,850.468,2851.638,3148.9877529864616
2021-01-10,23.7,82.4,15.5,0.4,Winter,3130000,2001.185,850.474,2851.659,3395.445361261457
2021-01-11,23.5,73.9,18.4,0.0,Winter,3130000,2001.175,850.47,2851.645,3290.472017260562
2021-01-12,22.8,65.8,17.7,0.0,Winter,3130000,2001.14,850.456,2851.596,3308.689096832822
2021-01-13,22.9,68.5,16.6,0.0,Winter,3130000,2001.145,850.458,2851.603,3403.259969242242
2021-01-14,22.7,68.3,16.5,0.0,Winter,3130000,2001.135,850.454,2851.589,3153.3430593584358
2021-01-15,22.5,68.7,19.0,0.0,Winter,3130000,2001.125,850.45,2851.575,3154.304496464708
2021-01-16,22.8,67.5,18.7,0.0,Winter,3130000,2001.14,850.456,2851.596,3406.063628495538
2021-01-17,23.8,65.7,16.5,0.0,Winter,3130000,2001.19,850.476,2851.666,3410.102123485636
2021-01-18,24.4,67.3,16.4,0.0,Winter,3130000,2001.22,850.488,2851.708,3256.285773549629
2021-01-19,23.6,68.8,15.6,0.0,Winter,3130000,2001.18,850.472,2851.652,3206.4388925457733
2021-01-20,23.5,66.8,19.3,0.0,Winter,3130000,2001.175,850.47,2851.645,3306.7329738609483
2021-01-21,22.2,63.4,19.9,0.0,Winter,3130000,2001.11,850.444,2851.554,3171.745667866053
2021-01-22,22.0,65.6,20.1,0.0,Winter,3130000,2001.1,850.44,2851.54,3305.050335476398
2021-01-23,22.7,67.2,20.0,0.0,Winter,3130000,2001.135,850.454,2851.589,3367.5992332173914
2021-01-24,22.8,64.6,20.2,0.0,Winter,3130000,2001.14,850.456,2851.596,3195.26827973557
2021-01-25,21.6,65.1,20.3,0.0,Winter,3130000,2001.08,850.432,2851.512,3278.3477816563923
2021-01-26,21.7,59.3,20.2,0.0,Winter,3130000,2001.085,850.434,2851.519,3323.7494220900226
2021-01-27,21.2,62.5,20.2,0.0,Winter,3130000,2001.06,850.424,2851.484,3418.959681088119
2021-01-28,21.5,61.5,20.6,0.0,Winter,3130000,2001.075,850.43,2851.505,3351.4578762638066
2021-01-29,20.5,64.1,18.7,0.0,Winter,3130000,2001.025,850.41,2851.435,3283.1431432131862
2021-01-30,20.9,62.7,19.9,0.0,Winter,3130000,2001.045,850.418,2851.463,3199.4959638206765
2021-01-31,21.5,64.0,18.7,0.0,Winter,3130000,2001.075,850.43,2851.505,3181.309538615581
2021-02-01,21.5,64.6,18.7,0.0,Winter,3130000,2001.075,850.43,2851.505,3237.551117934769
2021-02-02,22.0,53.8,20.9,0.0,Winter,3130000,2001.1,850.44,2851.54,3368.9908925690925
2021-02-03,20.5,52.5,21.1,0.0,Winter,3130000,2001.025,850.41,2851.435,3168.6433736811277
2021-02-04,20.7,55.2,21.1,0.0,Winter,3130000,2001.035,850.414,2851.449,3150.0811931429957
2021-02-05,21.5,58.5,21.1,0.0,Winter,3130000,2001.075,850.43,2851.505,3344.0617386112394
2021-02-06,20.5,56.2,21.6,0.0,Winter,3130000,2001.025,850.41,2851.435,3330.1496193397475
2021-02-07,20.1,52.5,21.8,0.0,Winter,3130000,2001.005,850.402,2851.407,3298.738094415655
2021-02-08,20.1,51.3,22.4,0.0,Winter,3130000,2001.005,850.402,2851.407,3375.0527364441123
2021-02-09,20.2,47.6,22.4,0.0,Winter,3130000,2001.01,850.404,2851.414,3147.003529813468
2021-02-10,21.0,48.8,22.5,0.0,Winter,3130000,2001.05,850.42,2851.47,3211.381829845759
2021-02-11,22.2,47.1,22.4,0.0,Winter,3130000,2001.11,850.444,2851.554,3222.017085400627
2021-02-12,22.9,49.1,22.0,0.0,Winter,3130000,2001.145,850.458,2851.603,3224.065937440351
2021-02-13,22.9,58.7,21.9,0.0,Winter,3130000,2001.145,850.458,2851.603,3240.6506699582815
2021-02-14,22.9,57.9,20.9,0.0,Winter,3130000,2001.145,850.458,2851.603,3235.3130838301245
2021-02-15,23.0,64.0,20.0,0.0,Winter,3130000,2001.15,850.46,2851.61,3321.9038268924824
2021-02-16,22.8,67.2,20.6,0.0,Winter,3130000,2001.14,850.456,2851.596,3239.378747627473
2021-02-17,22.9,67.8,19.7,0.0,Winter,3130000,2001.145,850.458,2851.603,3336.059356007731
2021-02-18,21.9,67.6,19.0,2.2,Winter,3130000,2001.095,850.438,2851.533,3274.993120087684
2021-02-19,20.7,68.7,17.4,0.7,Winter,3130000,2001.035,850.414,2851.449,3151.8971493096274
2021-02-20,20.4,63.1,19.5,0.0,Winter,3130000,2001.02,850.408,2851.428,3319.901672493777
2021-02-21,22.0,58.2,20.5,0.0,Winter,3130000,2001.1,850.44,2851.54,3311.888883787433
2021-02-22,23.1,58.8,19.1,0.0,Winter,3130000,2001.155,850.462,2851.617,3389.296536459392
2021-02-23,24.1,57.7,21.3,0.0,Winter,3130000,2001.205,850.482,2851.687,3412.3171876664337
2021-02-24,24.3,57.5,22.2,0.1,Winter,3130000,2001.215,850.486,2851.701,3317.018616611121
2021-02-25,25.2,54.2,20.7,0.0,Winter,3130000,2001.26,850.504,2851.764,3265.168670284375
2021-02-26,25.3,51.1,21.7,0.0,Winter,3130000,2001.265,850.506,2851.771,3237.1465380597374
2021-02-27,24.8,50.7,23.6,0.0,Winter,3130000,2001.24,850.496,2851.736,3293.2225150291915
2021-02-28,25.7,46.6,23.1,0.0,Winter,3130000,2001.285,850.514,2851.799,3185.6527711125436
2021-03-01,26.4,45.2,17.8,0.0,Summer,3130000,2001.32,850.528,2851.848,3481.82423732497
2021-03-02,26.3,43.3,22.7,0.0,Summer,3130000,2001.315,850.526,2851.841,3297.587048382251
2021-03-03,25.4,38.4,24.5,0.0,Summer,3130000,2001.27,850.508,2851.778,3539.301502953815
2021-03-04,25.3,37.6,24.0,0.0,Summer,3130000,2001.265,850.506,2851.771,3333.7923725802784
2021-03-05,25.7,41.3,24.5,0.0,Summer,3130000,2001.285,850.514,2851.799,3471.96576568864
2021-03-06,26.1,46.2,24.5,0.0,Summer,3130000,2001.305,850.522,2851.827,3473.450208885771
2021-03-07,26.1,45.3,24.7,0.0,Summer,3130000,2001.305,850.522,2851.827,3356.949194557984
2021-03-08,25.9,36.2,24.9,0.0,Summer,3130000,2001.295,850.518,2851.813,3329.2989946818193
2021-03-09,26.2,43.8,19.8,0.0,Summer,3130000,2001.31,850.524,2851.834,3520.6470889986176
2021-03-10,26.7,44.0,22.2,0.0,Summer,3130000,2001.335,850.534,2851.869,3564.4514873115904
2021-03-11,26.2,46.3,22.0,0.0,Summer,3130000,2001.31,850.524,2851.834,3308.3428791809197
2021-03-12,26.3,45.4,23.3,0.0,Summer,3130000,2001.315,850.526,2851.841,3289.798496187743
2021-03-13,26.2,44.5,24.1,0.0,Summer,3130000,2001.31,850.524,2851.834,3343.514470175474
2021-03-14,26.4,43.8,23.2,0.0,Summer,3130000,2001.32,850.528,2851.848,3337.704344686669
2021-03-15,26.7,48.0,21.9,0.0,Summer,3130000,2001.335,850.534,2851.869,3400.3956423395653
2021-03-16,26.7,41.6,24.3,0.0,Summer,3130000,2001.335,850.534,2851.869,3490.240180651023
2021-03-17,26.9,43.5,21.5,0.0,Summer,3130000,2001.345,850.538,2851.883,3332.1507665624645
2021-03-18,27.0,46.3,20.9,0.0,Summer,3130000,2001.35,850.54,2851.89,3469.1895427654395
2021-03-19,26.7,46.4,23.5,0.0,Summer,3130000,2001.335,850.534,2851.869,3395.112695531766
2021-03-20,25.7,49.1,22.0,0.1,Summer,3130000,2001.285,850.514,2851.799,3459.9438927107158
2021-03-21,25.6,52.3,21.6,0.2,Summer,3130000,2001.28,850.512,2851.792,3293.19233928247
2021-03-22,25.0,59.5,21.6,5.0,Summer,3130000,2001.25,850.5,2851.75,3301.638699092995
2021-03-23,25.2,61.8,22.0,0.9,Summer,3130000,2001.26,850.504,2851.764,3553.2392045852216
2021-03-24,26.5,55.8,20.9,0.1,Summer,3130000,2001.325,850.53,2851.855,3506.819147339766
2021-03-25,27.2,47.8,23.1,0.0,Summer,3130000,2001.36,850.544,2851.904,3476.495149618366
2021-03-26,26.9,40.2,26.1,0.0,Summer,3130000,2001.345,850.538,2851.883,3430.116088643251
2021-03-27,27.8,39.9,25.3,0.0,Summer,3130000,2001.39,850.556,2851.946,3532.738445721843
2021-03-28,28.3,40.1,26.1,0.0,Summer,3130000,2001.415,850.566,2851.981,3472.328461754984
2021-03-29,28.9,49.0,26.6,0.0,Summer,3130000,2001.445,850.578,2852.023,3493.617606578568
2021-03-30,26.8,50.6,26.5,0.0,Summer,3130000,2001.34,850.536,2851.876,3364.769389697176
2021-03-31,27.1,42.6,27.5,0.0,Summer,3130000,2001.355,850.542,2851.897,3481.481123014783
2021-04-01,26.6,47.7,26.9,0.0,Summer,3130000,2001.33,850.532,2851.862,3492.689942740848
2021-04-02,26.3,54.4,27.3,0.0,Summer,3130000,2001.315,850.526,2851.841,3382.799841742368
2021-04-03,26.6,63.8,25.6,0.0,Summer,3130000,2001.33,850.532,2851.862,3419.8268513556245
2021-04-04,27.6,61.6,25.8,0.0,Summer,3130000,2001.38,850.552,2851.932,3289.7557624992405
2021-04-05,28.7,56.8,24.9,0.0,Summer,3130000,2001.435,850.574,2852.009,3337.5151937677956
2021-04-06,29.3,43.6,26.5,0.0,Summer,3130000,2001.465,850.586,2852.051,3414.9537594311905
2021-04-07,29.0,40.6,25.8,0.0,Summer,3130000,2001.45,850.58,2852.03,3564.985409555056
2021-04-08,27.6,47.8,22.7,0.1,Summer,3130000,2001.38,850.552,2851.932,3533.6763946047145
2021-04-09,28.3,55.4,24.1,0.0,Summer,3130000,2001.415,850.566,2851.981,3362.754159784971
2021-04-10,28.0,50.9,20.9,0.1,Summer,3130000,2001.4,850.56,2851.96,3530.645892359518
2021-04-11,28.8,50.1,21.7,0.0,Summer,3130000,2001.44,850.576,2852.016,3433.00261377372
2021-04-12,27.8,55.8,22.4,19.0,Summer,3130000,2001.39,850.556,2851.946,3438.19061854179
2021-04-13,27.6,55.0,18.0,1.0,Summer,3130000,2001.38,850.552,2851.932,3484.4472506804523
2021-04-14,26.7,54.4,23.4,5.0,Summer,3130000,2001.335,850.534,2851.869,3553.626329800029
2021-04-15,26.2,57.6,22.6,0.0,Summer,3130000,2001.31,850.524,2851.834,3329.8593471838285
2021-04-16,27.4,55.0,26.5,0.0,Summer,3130000,2001.37,850.548,2851.918,3521.8189661884344
2021-04-17,28.1,51.8,25.1,0.0,Summer,3130000,2001.405,850.562,2851.967,3467.745842420365
2021-04-18,29.0,51.6,23.4,0.0,Summer,3130000,2001.45,850.58,2852.03,3453.4633731223366
2021-04-19,28.3,52.9,25.3,0.0,Summer,3130000,2001.415,850.566,2851.981,3399.3943003357276
2021-04-20,28.2,54.4,26.1,0.0,Summer,3130000,2001.41,850.564,2851.974,3547.80225806431
2021-04-21,27.7,53.8,24.6,0.2,Summer,3130000,2001.385,850.554,2851.939,3286.6717785612195
2021-04-22,28.5,51.8,25.4,0.0,Summer,3130000,2001.425,850.57,2851.995,3338.1093551340464
2021-04-23,27.9,45.1,23.2,0.0,Summer,3130000,2001.395,850.558,2851.953,3474.2216777038684
2021-04-24,27.8,46.3,27.5,0.0,Summer,3130000,2001.39,850.556,2851.946,3507.438263283786
2021-04-25,28.7,52.8,22.8,0.0,Summer,3130000,2001.435,850.574,2852.009,3558.3352923071748
2021-04-26,29.1,56.8,23.3,3.2,Summer,3130000,2001.455,850.582,2852.037,3335.243651798969
2021-04-27,27.6,63.5,23.7,2.0,Summer,3130000,2001.38,850.552,2851.932,3484.54248559874
2021-04-28,27.9,61.4,23.6,2.0,Summer,3130000,2001.395,850.558,2851.953,3441.688668739839
2021-04-29,27.6,62.0,23.7,0.2,Summer,3130000,2001.38,850.552,2851.932,3526.6244117434
2021-04-30,27.3,59.0,24.1,0.1,Summer,3130000,2001.365,850.546,2851.911,3405.188601584533
2021-05-01,27.8,56.7,22.6,1.3,Summer,3130000,2001.39,850.556,2851.946,3294.5961328015596
2021-05-02,26.3,67.6,23.9,27.0,Summer,3130000,2001.315,850.526,2851.841,3432.3093993695315
2021-05-03,26.5,67.5,24.0,1.0,Summer,3130000,2001.325,850.53,2851.855,3328.2630881742275
2021-05-04,28.1,64.2,21.6,0.0,Summer,3130000,2001.405,850.562,2851.967,3448.1107192745103
2021-05-05,28.9,60.5,23.1,0.0,Summer,3130000,2001.445,850.578,2852.023,3464.5323706032714
2021-05-06,27.9,65.7,22.7,0.2,Summer,3130000,2001.395,850.558,2851.953,3480.1434678764776
2021-05-07,28.8,63.8,19.7,0.2,Summer,3130000,2001.44,850.576,2852.016,3553.027505155746
2021-05-08,28.7,63.9,23.8,0.3,Summer,3130000,2001.435,850.574,2852.009,3484.461819489325
2021-05-09,28.9,64.4,22.2,0.3,Summer,3130000,2001.445,850.578,2852.023,3500.122822144634
2021-05-10,29.1,59.7,24.6,0.0,Summer,3130000,2001.455,850.582,2852.037,3563.161747319888
2021-05-11,28.5,59.1,25.3,0.0,Summer,3130000,2001.425,850.57,2851.995,3504.1500786279726
2021-05-12,28.0,65.1,24.6,0.3,Summer,3130000,2001.4,850.56,2851.96,3342.1074176145294
2021-05-13,28.0,62.6,25.5,0.0,Summer,3130000,2001.4,850.56,2851.96,3432.2990955218615
2021-05-14,28.3,65.3,19.4,0.9,Summer,3130000,2001.415,850.566,2851.981,3541.0187845830314
2021-05-15,30.1,57.1,19.5,1.0,Summer,3130000,2001.505,850.602,2852.107,3361.0803614042597
2021-05-16,25.8,77.9,10.3,6.0,Summer,3130000,2001.29,850.516,2851.806,3299.679897496746
2021-05-17,24.5,82.3,4.5,7.0,Summer,3130000,2001.225,850.49,2851.715,3281.0200675199017
2021-05-18,25.9,79.4,14.2,0.8,Summer,3130000,2001.295,850.518,2851.813,3387.945506154656
2021-05-19,25.1,83.7,15.0,8.0,Summer,3130000,2001.255,850.502,2851.757,3440.7666123856916
2021-05-20,26.3,74.4,22.6,0.7,Summer,3130000,2001.315,850.526,2851.841,3356.875205804119
2021-05-21,26.5,75.1,23.8,8.0,Summer,3130000,2001.325,850.53,2851.855,3458.1644228117907
2021-05-22,26.7,74.7,13.2,0.0,Summer,3130000,2001.335,850.534,2851.869,3357.5421389736503
2021-05-23,27.0,72.3,21.1,0.1,Summer,3130000,2001.35,850.54,2851.89,3441.7145462413496
2021-05-24,27.5,70.5,22.5,0.0,Summer,3130000,2001.375,850.55,2851.925,3474.824505518628
2021-05-25,27.0,74.0,22.1,0.3,Summer,3130000,2001.35,850.54,2851.89,3487.8525548868442
2021-05-26,27.5,68.6,24.1,0.0,Summer,3130000,2001.375,850.55,2851.925,3362.9757521850406
2021-05-27,26.9,71.5,18.9,1.3,Summer,3130000,2001.345,850.538,2851.883,3466.341339086572
2021-05-28,27.3,73.6,18.7,0.7,Summer,3130000,2001.365,850.546,2851.911,3390.538148377007
2021-05-29,26.5,78.8,18.9,24.0,Summer,3130000,2001.325,850.53,2851.855,3349.4946096984054
2021-05-30,26.1,81.9,13.0,11.6,Summer,3130000,2001.305,850.522,2851.827,3547.916005740476
2021-05-31,25.9,84.0,14.4,15.0,Summer,3130000,2001.295,850.518,2851.813,3479.63273986134
2021-06-01,25.6,86.0,16.0,0.3,Monsoon,3130000,2001.28,850.512,2851.792,2851.792
2021-06-02,25.6,84.2,18.1,2.0,Monsoon,3130000,2001.28,850.512,2851.792,2851.792
2021-06-03,25.9,81.4,14.5,12.8,Monsoon,3130000,2001.295,850.518,2851.813,2851.813
2021-06-04,25.1,83.3,17.4,4.0,Monsoon,3130000,2001.255,850.502,2851.757,2851.757
2021-06-05,24.0,87.7,7.1,21.0,Monsoon,3130000,2001.2,850.48,2851.6800000000003,2851.6800000000003
2021-06-06,24.6,85.9,13.8,4.0,Monsoon,3130000,2001.23,850.492,2851.722,2851.722
2021-06-07,25.1,80.8,16.0,1.4,Monsoon,3130000,2001.255,850.502,2851.757,2851.757
2021-06-08,25.1,82.7,15.7,0.1,Monsoon,3130000,2001.255,850.502,2851.757,2851.757
2021-06-09,23.5,89.1,12.4,3.0,Monsoon,3130000,2001.175,850.47,2851.645,2851.645
2021-06-10,23.9,86.1,8.4,1.0,Monsoon,3130000,2001.195,850.478,2851.673,2851.673
2021-06-11,24.5,84.0,16.2,0.2,Monsoon,3130000,2001.225,850.49,2851.715,2851.715
2021-06-12,24.8,86.3,11.3,1.0,Monsoon,3130000,2001.24,850.496,2851.736,2851.736
2021-06-13,25.3,83.6,15.9,0.2,Monsoon,3130000,2001.265,850.506,2851.771,2851.771
2021-06-14,25.9,83.7,15.0,1.3,Monsoon,3130000,2001.295,850.518,2851.813,2851.813
2021-06-15,25.2,86.0,9.4,2.0,Monsoon,3130000,2001.26,850.504,2851.764,2851.764
2021-06-16,24.0,88.4,10.3,0.1,Monsoon,3130000,2001.2,850.48,2851.6800000000003,2851.6800000000003
2021-06-17,24.0,92.0,7.6,14.9,Monsoon,3130000,2001.2,850.48,2851.6800000000003,2851.6800000000003
2021-06-18,23.2,93.8,10.9,40.0,Monsoon,3130000,2001.16,850.464,2851.6240000000003,2851.6240000000003
2021-06-19,23.1,92.6,8.6,10.0,Monsoon,3130000,2001.155,850.462,2851.617,2851.617
2021-06-20,24.5,85.9,16.2,0.1,Monsoon,3130000,2001.225,850.49,2851.715,2851.715
2021-06-21,24.8,83.8,19.7,3.6,Monsoon,3130000,2001.24,850.496,2851.736,2851.736
2021-06-22,25.3,80.7,17.4,1.4,Monsoon,3130000,2001.265,850.506,2851.771,2851.771
2021-06-23,24.9,81.9,17.0,0.9,Monsoon,3130000,2001.245,850.498,2851.743,2851.743
2021-06-24,23.9,86.0,6.1,2.2,Monsoon,3130000,2001.195,850.478,2851.673,2851.673
2021-06-25,23.6,86.0,12.2,1.0,Monsoon,3130000,2001.18,850.472,2851.652,2851.652
2021-06-26,24.5,85.7,15.8,2.1,Monsoon,3130000,2001.225,850.49,2851.715,2851.715
2021-06-27,24.1,86.0,11.2,2.0,Monsoon,3130000,2001.205,850.482,2851.687,2851.687
2021-06-28,24.1,88.3,9.6,18.0,Monsoon,3130000,2001.205,850.482,2851.687,2851.687
2021-06-29,25.2,83.3,15.8,1.8,Monsoon,3130000,2001.26,850.504,2851.764,2851.764
2021-06-30,25.4,83.3,16.7,1.4,Monsoon,3130000,2001.27,850.508,2851.778,2851.778
2021-07-01,25.3,81.3,17.0,0.2,Monsoon,3130000,2001.265,850.506,2851.771,2851.771
2021-07-02,25.5,77.6,17.8,0.5,Monsoon,3130000,2001.275,850.51,2851.785,2851.785
2021-07-03,25.9,77.6,18.1,0.6,Monsoon,3130000,2001.295,850.518,2851.813,2851.813
2021-07-04,26.0,78.2,15.3,1.1,Monsoon,3130000,2001.3,850.52,2851.82,2851.82
2021-07-05,25.9,81.0,19.2,10.0,Monsoon,3130000,2001.295,850.518,2851.813,2851.813
2021-07-06,25.7,84.4,16.6,3.8,Monsoon,3130000,2001.285,850.514,2851.799,2851.799
2021-07-07,26.3,81.5,21.2,1.4,Monsoon,3130000,2001.315,850.526,2851.841,2851.841
2021-07-08,25.1,86.8,14.7,3.0,Monsoon,3130000,2001.255,850.502,2851.757,2851.757
2021-07-09,24.6,86.7,10.3,4.8,Monsoon,3130000,2001.23,850.492,2851.722,2851.722
2021-07-10,24.3,88.0,9.4,0.4,Monsoon,3130000,2001.215,850.486,2851.701,2851.701
2021-07-11,24.8,86.9,9.6,0.2,Monsoon,3130000,2001.24,850.496,2851.736,2851.736
2021-07-12,24.4,89.9,5.1,0.9,Monsoon,3130000,2001.22,850.488,2851.708,2851.708
2021-07-13,23.4,92.6,5.9,2.8,Monsoon,3130000,2001.17,850.468,2851.638,2851.638
2021-07-14,23.6,89.4,3.0,0.6,Monsoon,3130000,2001.18,850.472,2851.652,2851.652
2021-07-15,24.3,88.9,12.7,1.0,Monsoon,3130000,2001.215,850.486,2851.701,2851.701
2021-07-16,24.3,88.7,8.2,0.7,Monsoon,3130000,2001.215,850.486,2851.701,2851.701
2021-07-17,24.7,89.8,7.1,0.1,Monsoon,3130000,2001.235,850.494,2851.729,2851.729
2021-07-18,24.2,89.8,7.4,10.0,Monsoon,3130000,2001.21,850.484,2851.694,2851.694
2021-07-19,23.1,92.7,11.4,11.0,Monsoon,3130000,2001.155,850.462,2851.617,2851.617
2021-07-20,23.3,92.2,6.8,3.0,Monsoon,3130000,2001.165,850.466,2851.631,2851.631
2021-07-21,23.1,94.1,3.9,4.0,Monsoon,3130000,2001.155,850.462,2851.617,2851.617
2021-07-22,23.1,94.4,6.3,18.0,Monsoon,3130000,2001.155,850.462,2851.617,2851.617
2021-07-23,23.3,94.3,4.9,77.0,Monsoon,3130000,2001.165,850.466,2851.631,2851.631
2021-07-24,24.4,89.3,10.8,3.4,Monsoon,3130000,2001.22,850.488,2851.708,2851.708
2021-07-25,24.0,91.6,12.2,11.6,Monsoon,3130000,2001.2,850.48,2851.6800000000003,2851.6800000000003
2021-07-26,23.8,91.3,15.3,11.0,Monsoon,3130000,2001.19,850.476,2851.666,2851.666
2021-07-27,23.8,87.8,14.5,4.0,Monsoon,3130000,2001.19,850.476,2851.666,2851.666
2021-07-28,23.8,87.0,11.0,0.1,Monsoon,3130000,2001.19,850.476,2851.666,2851.666
2021-07-29,23.2,90.5,9.7,2.0,Monsoon,3130000,2001.16,850.464,2851.6240000000003,2851.6240000000003
2021-07-30,23.0,91.5,4.2,3.5,Monsoon,3130000,2001.15,850.46,2851.61,2851.61
2021-07-31,23.5,88.7,17.2,2.6,Monsoon,3130000,2001.175,850.47,2851.645,2851.645
2021-08-01,23.4,89.1,11.4,1.0,Monsoon,3130000,2001.17,850.468,2851.638,2851.638
2021-08-02,23.2,89.7,15.8,3.0,Monsoon,3130000,2001.16,850.464,2851.6240000000003,2851.6240000000003
2021-08-03,23.6,90.0,13.3,0.2,Monsoon,3130000,2001.18,850.472,2851.652,2851.652
2021-08-04,23.6,89.4,14.4,0.3,Monsoon,3130000,2001.18,850.472,2851.652,2851.652
2021-08-05,24.0,87.8,15.3,2.8,Monsoon,3130000,2001.2,850.48,2851.6800000000003,2851.6800000000003
2021-08-06,24.6,84.6,16.6,2.4,Monsoon,3130000,2001.23,850.492,2851.722,2851.722
2021-08-07,24.5,85.4,16.4,0.1,Monsoon,3130000,2001.225,850.49,2851.715,2851.715
2021-08-08,24.8,84.3,14.1,1.3,Monsoon,3130000,2001.24,850.496,2851.736,2851.736
2021-08-09,25.0,81.6,17.9,1.3,Monsoon,3130000,2001.25,850.5,2851.75,2851.75
2021-08-10,24.2,85.3,15.1,0.7,Monsoon,3130000,2001.21,850.484,2851.694,2851.694
2021-08-11,23.9,84.4,15.8,2.1,Monsoon,3130000,2001.195,850.478,2851.673,2851.673
2021-08-12,23.3,89.5,16.5,1.0,Monsoon,3130000,2001.165,850.466,2851.631,2851.631
2021-08-13,23.9,85.7,17.1,0.3,Monsoon,3130000,2001.195,850.478,2851.673,2851.673
2021-08-14,23.1,88.6,13.4,3.0,Monsoon,3130000,2001.155,850.462,2851.617,2851.617
2021-08-15,22.7,91.8,14.2,1.0,Monsoon,3130000,2001.135,850.454,2851.589,2851.589
2021-08-16,22.9,91.4,11.8,1.0,Monsoon,3130000,2001.145,850.458,2851.603,2851.603
2021-08-17,22.7,91.1,7.9,0.1,Monsoon,3130000,2001.135,850.454,2851.589,2851.589
2021-08-18,22.6,93.1,7.6,3.3,Monsoon,3130000,2001.13,850.452,2851.5820000000003,2851.5820000000003
2021-08-19,22.2,93.6,2.9,0.6,Monsoon,3130000,2001.11,850.444,2851.554,2851.554
2021-08-20,23.1,88.9,10.0,0.1,Monsoon,3130000,2001.155,850.462,2851.617,2851.617
2021-08-21,22.5,93.9,3.3,5.7,Monsoon,3130000,2001.125,850.45,2851.575,2851.575
2021-08-22,23.3,90.7,7.8,0.2,Monsoon,3130000,2001.165,850.466,2851.631,2851.631
2021-08-23,24.6,82.6,19.1,0.6,Monsoon,3130000,2001.23,850.492,2851.722,2851.722
2021-08-24,25.1,81.0,19.5,0.2,Monsoon,3130000,2001.255,850.502,2851.757,2851.757
2021-08-25,24.8,81.6,16.6,0.3,Monsoon,3130000,2001.24,850.496,2851.736,2851.736
2021-08-26,23.9,87.1,15.4,0.7,Monsoon,3130000,2001.195,850.478,2851.673,2851.673
2021-08-27,23.9,85.8,17.2,0.7,Monsoon,3130000,2001.195,850.478,2851.673,2851.673
2021-08-28,24.5,82.1,18.3,0.6,Monsoon,3130000,2001.225,850.49,2851.715,2851.715
2021-08-29,24.4,82.5,12.2,0.6,Monsoon,3130000,2001.22,850.488,2851.708,2851.708
2021-08-30,23.6,87.1,6.8,0.4,Monsoon,3130000,2001.18,850.472,2851.652,2851.652
2021-08-31,22.6,92.0,2.8,0.6,Monsoon,3130000,2001.13,850.452,2851.5820000000003,2851.5820000000003
2021-09-01,23.7,88.0,6.7,0.2,Autumn,3130000,2001.185,850.474,2851.659,2851.659
2021-09-02,23.8,87.2,13.9,0.8,Autumn,3130000,2001.19,850.476,2851.666,2851.666
2021-09-03,24.3,85.3,12.4,1.4,Autumn,3130000,2001.215,850.486,2851.701,2851.701
2021-09-04,24.4,86.3,14.6,9.0,Autumn,3130000,2001.22,850.488,2851.708,2851.708
2021-09-05,23.2,91.1,6.2,5.2,Autumn,3130000,2001.16,850.464,2851.6240000000003,2851.6240000000003
2021-09-06,24.2,88.9,12.5,18.0,Autumn,3130000,2001.21,850.484,2851.694,2851.694
2021-09-07,23.5,93.6,4.7,0.4,Autumn,3130000,2001.175,850.47,2851.645,2851.645
2021-09-08,23.8,90.0,5.1,0.2,Autumn,3130000,2001.19,850.476,2851.666,2851.666
2021-09-09,23.4,91.7,14.6,6.0,Autumn,3130000,2001.17,850.468,2851.638,2851.638
2021-09-10,23.7,91.0,14.3,4.0,Autumn,3130000,2001.185,850.474,2851.659,2851.659
2021-09-11,23.8,91.5,11.4,6.0,Autumn,3130000,2001.19,850.476,2851.666,2851.666
2021-09-12,23.8,92.6,7.5,8.0,Autumn,3130000,2001.19,850.476,2851.666,2851.666
2021-09-13,23.9,93.0,8.0,3.0,Autumn,3130000,2001.195,850.478,2851.673,2851.673
2021-09-14,23.8,88.6,11.3,0.9,Autumn,3130000,2001.19,850.476,2851.666,2851.666
2021-09-15,24.1,85.1,13.2,0.3,Autumn,3130000,2001.205,850.482,2851.687,2851.687
2021-09-16,24.2,82.2,17.9,0.5,Autumn,3130000,2001.21,850.484,2851.694,2851.694
2021-09-17,24.1,81.9,16.7,0.6,Autumn,3130000,2001.205,850.482,2851.687,2851.687
2021-09-18,23.6,85.1,15.5,1.8,Autumn,3130000,2001.18,850.472,2851.652,2851.652
2021-09-19,24.4,84.9,12.7,5.4,Autumn,3130000,2001.22,850.488,2851.708,2851.708
2021-09-20,24.4,85.8,12.8,2.0,Autumn,3130000,2001.22,850.488,2851.708,2851.708
2021-09-21,23.4,90.2,9.0,0.7,Autumn,3130000,2001.17,850.468,2851.638,2851.638
2021-09-22,23.2,92.4,7.7,3.0,Autumn,3130000,2001.16,850.464,2851.6240000000003,2851.6240000000003
2021-09-23,23.4,89.8,11.8,0.1,Autumn,3130000,2001.17,850.468,2851.638,2851.638
2021-09-24,24.2,84.3,14.7,0.2,Autumn,3130000,2001.21,850.484,2851.694,2851.694
2021-09-25,24.2,85.0,10.5,1.0,Autumn,3130000,2001.21,850.484,2851.694,2851.694
2021-09-26,23.6,87.2,11.5,0.6,Autumn,3130000,2001.18,850.472,2851.652,2851.652
2021-09-27,23.6,88.4,10.1,0.2,Autumn,3130000,2001.18,850.472,2851.652,2851.652
2021-09-28,22.9,90.6,5.9,0.5,Autumn,3130000,2001.145,850.458,2851.603,2851.603
2021-09-29,23.6,88.4,13.4,0.3,Autumn,3130000,2001.18,850.472,2851.652,2851.652
2021-09-30,24.5,85.0,16.2,0.5,Autumn,3130000,2001.225,850.49,2851.715,2851.715
2021-10-01,25.0,81.8,17.6,0.3,Autumn,3130000,2001.25,850.5,2851.75,2851.75
2021-10-02,25.1,85.0,11.9,18.0,Autumn,3130000,2001.255,850.502,2851.757,2851.757
2021-10-03,25.1,86.4,17.3,19.0,Autumn,3130000,2001.255,850.502,2851.757,2851.757
2021-10-04,25.3,83.6,17.8,30.0,Autumn,3130000,2001.265,850.506,2851.771,2851.771
2021-10-05,25.7,83.0,19.4,0.1,Autumn,3130000,2001.285,850.514,2851.799,2851.799
2021-10-06,25.0,86.2,15.9,15.0,Autumn,3130000,2001.25,850.5,2851.75,2851.75
2021-10-07,25.6,82.6,17.9,0.1,Autumn,3130000,2001.28,850.512,2851.792,2851.792
2021-10-08,25.2,86.3,13.9,3.1,Autumn,3130000,2001.26,850.504,2851.764,2851.764
2021-10-09,24.3,88.0,13.4,55.0,Autumn,3130000,2001.215,850.486,2851.701,2851.701
2021-10-10,24.1,87.4,16.0,0.2,Autumn,3130000,2001.205,850.482,2851.687,2851.687
2021-10-11,25.0,83.6,15.5,4.0,Autumn,3130000,2001.25,850.5,2851.75,2851.75
2021-10-12,25.6,78.2,17.4,0.1,Autumn,3130000,2001.28,850.512,2851.792,2851.792
2021-10-13,25.5,76.3,18.8,0.0,Autumn,3130000,2001.275,850.51,2851.785,2851.785
2021-10-14,25.4,74.2,19.2,0.0,Autumn,3130000,2001.27,850.508,2851.778,2851.778
2021-10-15,25.2,71.3,21.7,0.0,Autumn,3130000,2001.26,850.504,2851.764,2851.764
2021-10-16,25.3,67.4,22.2,0.1,Autumn,3130000,2001.265,850.506,2851.771,2851.771
2021-10-17,25.0,75.7,16.5,0.0,Autumn,3130000,2001.25,850.5,2851.75,2851.75
2021-10-18,24.1,79.7,17.1,0.2,Autumn,3130000,2001.205,850.482,2851.687,2851.687
2021-10-19,23.9,75.5,21.1,0.0,Autumn,3130000,2001.195,850.478,2851.673,2851.673
2021-10-20,24.3,74.3,18.6,0.0,Autumn,3130000,2001.215,850.486,2851.701,2851.701
2021-10-21,24.2,67.8,21.7,0.0,Autumn,3130000,2001.21,850.484,2851.694,2851.694
2021-10-22,23.6,67.3,21.5,0.0,Autumn,3130000,2001.18,850.472,2851.652,2851.652
2021-10-23,23.8,67.0,20.4,0.0,Autumn,3130000,2001.19,850.476,2851.666,2851.666
2021-10-24,23.2,74.2,19.2,0.0,Autumn,3130000,2001.16,850.464,2851.6240000000003,2851.6240000000003
2021-10-25,23.0,76.1,17.9,0.0,Autumn,3130000,2001.15,850.46,2851.61,2851.61
2021-10-26,23.4,68.8,17.6,0.0,Autumn,3130000,2001.17,850.468,2851.638,2851.638
2021-10-27,22.7,62.6,21.0,0.0,Autumn,3130000,2001.135,850.454,2851.589,2851.589
2021-10-28,22.7,63.6,19.5,0.0,Autumn,3130000,2001.135,850.454,2851.589,2851.589
2021-10-29,22.3,60.9,21.4,0.0,Autumn,3130000,2001.115,850.446,2851.561,2851.561
2021-10-30,22.6,60.4,20.4,0.0,Autumn,3130000,2001.13,850.452,2851.5820000000003,2851.5820000000003
2021-10-31,23.8,66.6,18.6,0.0,Autumn,3130000,2001.19,850.476,2851.666,2851.666
2021-11-01,24.2,71.9,17.5,0.0,Autumn,3130000,2001.21,850.484,2851.694,2851.694
2021-11-02,24.1,70.0,17.5,0.0,Autumn,3130000,2001.205,850.482,2851.687,2851.687
2021-11-03,24.3,66.7,17.7,0.0,Autumn,3130000,2001.215,850.486,2851.701,2851.701
2021-11-04,24.7,74.5,15.1,4.0,Autumn,3130000,2001.235,850.494,2851.729,2851.729
2021-11-05,24.6,80.2,16.0,4.1,Autumn,3130000,2001.23,850.492,2851.722,2851.722
2021-11-06,24.5,79.4,14.0,2.0,Autumn,3130000,2001.225,850.49,2851.715,2851.715
2021-11-07,23.8,74.4,16.1,0.0,Autumn,3130000,2001.19,850.476,2851.666,2851.666
2021-11-08,22.6,64.0,19.3,0.0,Autumn,3130000,2001.13,850.452,2851.5820000000003,2851.5820000000003
2021-11-09,21.2,59.7,19.7,0.0,Autumn,3130000,2001.06,850.424,2851.484,2851.484
2021-11-10,20.8,59.7,20.1,0.0,Autumn,3130000,2001.04,850.416,2851.456,2851.456
2021-11-11,20.5,58.0,18.8,0.0,Autumn,3130000,2001.025,850.41,2851.435,2851.435
2021-11-12,21.7,59.8,18.9,0.0,Autumn,3130000,2001.085,850.434,2851.519,2851.519
2021-11-13,24.2,67.6,16.1,0.0,Autumn,3130000,2001.21,850.484,2851.694,2851.694
2021-11-14,25.3,73.8,14.0,0.2,Autumn,3130000,2001.265,850.506,2851.771,2851.771
2021-11-15,25.2,78.1,13.9,0.7,Autumn,3130000,2001.26,850.504,2851.764,2851.764
2021-11-16,25.5,76.4,12.6,7.0,Autumn,3130000,2001.275,850.51,2851.785,2851.785
2021-11-17,24.5,84.1,11.8,10.0,Autumn,3130000,2001.225,850.49,2851.715,2851.715
2021-11-18,24.8,82.3,13.0,1.6,Autumn,3130000,2001.24,850.496,2851.736,2851.736
2021-11-19,24.7,79.1,14.9,0.2,Autumn,3130000,2001.235,850.494,2851.729,2851.729
2021-11-20,24.7,80.0,11.5,1.0,Autumn,3130000,2001.235,850.494,2851.729,2851.729
2021-11-21,24.1,87.4,10.0,0.8,Autumn,3130000,2001.205,850.482,2851.687,2851.687
2021-11-22,24.7,83.2,11.5,1.5,Autumn,3130000,2001.235,850.494,2851.729,2851.729
2021-11-23,25.7,80.6,15.1,0.9,Autumn,3130000,2001.285,850.514,2851.799,2851.799
2021-11-24,25.3,80.9,15.4,0.4,Autumn,3130000,2001.265,850.506,2851.771,2851.771
2021-11-25,24.7,76.6,17.0,0.0,Autumn,3130000,2001.235,850.494,2851.729,2851.729
2021-11-26,23.5,74.0,18.9,0.0,Autumn,3130000,2001.175,850.47,2851.645,2851.645
2021-11-27,22.5,71.2,18.9,0.0,Autumn,3130000,2001.125,850.45,2851.575,2851.575
2021-11-28,21.0,64.1,17.4,0.0,Autumn,3130000,2001.05,850.42,2851.47,2851.47
2021-11-29,20.6,68.7,14.5,0.0,Autumn,3130000,2001.03,850.412,2851.442,2851.442
2021-11-30,22.0,73.7,10.3,0.5,Autumn,3130000,2001.1,850.44,2851.54,2851.54
2021-12-01,19.3,89.0,6.1,60.0,Winter,3130000,2000.965,850.386,2851.351,3405.3654660416873
2021-12-02,18.7,96.5,3.3,16.1,Winter,3130000,2000.935,850.374,2851.309,3179.5062894968983
2021-12-03,21.7,92.3,9.5,8.0,Winter,3130000,2001.085,850.434,2851.519,3415.0978657402356
2021-12-04,21.3,90.9,12.7,0.4,Winter,3130000,2001.065,850.426,2851.491,3269.755554718532
2021-12-05,21.0,83.8,14.6,0.0,Winter,3130000,2001.05,850.42,2851.47,3334.464695368756
2021-12-06,21.3,79.9,15.6,0.0,Winter,3130000,2001.065,850.426,2851.491,3334.958570561489
2021-12-07,21.1,78.4,16.1,0.0,Winter,3130000,2001.055,850.422,2851.477,3142.6694445282837
2021-12-08,20.9,76.3,16.3,0.0,Winter,3130000,2001.045,850.418,2851.463,3232.5899253464995
2021-12-09,21.5,74.2,15.1,0.0,Winter,3130000,2001.075,850.43,2851.505,3155.089882496082
2021-12-10,21.3,78.0,14.7,0.0,Winter,3130000,2001.065,850.426,2851.491,3311.1438162477966
2021-12-11,21.4,76.2,15.8,0.0,Winter,3130000,2001.07,850.428,2851.498,3344.698458752179
2021-12-12,20.9,75.9,14.9,0.0,Winter,3130000,2001.045,850.418,2851.463,3334.615604772418
2021-12-13,21.0,76.5,15.6,0.0,Winter,3130000,2001.05,850.42,2851.47,3369.8810857207877
2021-12-14,20.9,75.7,16.4,0.0,Winter,3130000,2001.045,850.418,2851.463,3313.370606575758
2021-12-15,20.7,80.0,13.3,0.5,Winter,3130000,2001.035,850.414,2851.449,3241.0331829806414
2021-12-16,21.2,78.7,13.1,0.0,Winter,3130000,2001.06,850.424,2851.484,3302.3495380355307
2021-12-17,20.8,75.3,17.1,0.0,Winter,3130000,2001.04,850.416,2851.456,3372.7789893285353
2021-12-18,19.5,71.7,18.3,0.0,Winter,3130000,2000.975,850.39,2851.365,3349.156227085685
2021-12-19,18.9,71.7,18.3,0.0,Winter,3130000,2000.945,850.378,2851.323,3185.3185082518503
2021-12-20,18.5,74.3,18.3,0.0,Winter,3130000,2000.925,850.37,2851.295,3416.9440421658396
2021-12-21,19.2,71.1,18.4,0.0,Winter,3130000,2000.96,850.384,2851.344,3138.4872045613565
2021-12-22,20.0,72.5,18.4,0.0,Winter,3130000,2001.0,850.4,2851.4,3292.33422450109
2021-12-23,20.6,75.1,18.2,0.0,Winter,3130000,2001.03,850.412,2851.442,3305.0176415497144
2021-12-24,20.3,74.4,18.1,0.0,Winter,3130000,2001.015,850.406,2851.4210000000003,3317.19276935769
2021-12-25,20.2,71.9,18.4,0.0,Winter,3130000,2001.01,850.404,2851.414,3392.1498638775884
2021-12-26,20.4,71.7,18.5,0.0,Winter,3130000,2001.02,850.408,2851.428,3156.8368248961397
2021-12-27,20.4,72.7,17.9,0.0,Winter,3130000,2001.02,850.408,2851.428,3215.5833626643034
2021-12-28,21.4,71.1,17.6,0.0,Winter,3130000,2001.07,850.428,2851.498,3152.1673776756406
2021-12-29,19.2,72.9,18.6,0.0,Winter,3130000,2000.96,850.384,2851.344,3347.081516553535
2021-12-30,18.7,77.5,14.2,0.0,Winter,3130000,2000.935,850.374,2851.309,3333.697840961237
2021-12-31,19.9,77.0,17.2,0.0,Winter,3130000,2000.995,850.398,2851.393,3239.743314643333
