Date,Temp (Â°C),Humidity (%),Season,Solar Energy (kWh),Precipitation (mm),Population,Total Usage (kWh),Urban Usage (kWh),Rural Usage (kWh)
2018-01-01,19.4,62.6,Winter,18.6,0.0,3130000,2870.0,2009.0,861.0
2018-01-02,19.4,64.0,Winter,18.7,0.0,3130000,2875.0,2012.5,862.5
2018-01-03,19.5,66.6,Winter,18.8,0.0,3130000,2890.0,2023.0,867.0
2018-01-04,20.1,66.6,Winter,18.4,0.0,3130000,2930.0,2051.0,879.0
2018-01-05,20.0,66.7,Winter,17.5,0.0,3130000,2875.0,2012.5,862.5
2018-01-06,19.8,62.6,Winter,18.3,0.0,3130000,2895.0,2026.5,868.5
2018-01-07,19.0,63.2,Winter,18.9,0.0,3130000,2845.0,1991.5,853.5
2018-01-08,19.0,63.3,Winter,18.9,0.0,3130000,2845.0,1991.5,853.5
2018-01-09,19.2,64.8,Winter,18.9,0.0,3130000,2865.0,2005.5,859.5
2018-01-10,20.0,65.3,Winter,18.4,0.0,3130000,2920.0,2044.0,876.0
2018-01-11,21.8,64.3,Winter,16.6,0.0,3130000,3010.0,2107.0,903.0
2018-01-12,23.0,64.7,Winter,15.3,0.0,3130000,3065.0,2145.5,919.5
2018-01-13,22.8,68.0,Winter,15.7,0.0,3130000,3065.0,2145.5,919.5
2018-01-14,23.0,66.2,Winter,14.5,0.0,3130000,3025.0,2117.5,907.5
2018-01-15,23.1,68.3,Winter,14.3,0.0,3130000,3025.0,2117.5,907.5
2018-01-16,23.3,65.1,Winter,15.6,0.0,3130000,3110.0,2177.0,933.0
2018-01-17,22.6,54.8,Winter,18.4,0.0,3130000,3180.0,2226.0,954.0
2018-01-18,21.3,58.7,Winter,18.8,0.0,3130000,3070.0,2149.0,921.0
2018-01-19,21.0,57.6,Winter,19.2,0.0,3130000,3060.0,2142.0,918.0
2018-01-20,20.6,56.6,Winter,20.2,0.0,3130000,3070.0,2149.0,921.0
2018-01-21,20.2,55.8,Winter,20.3,0.0,3130000,3035.0,2124.5,910.5
2018-01-22,20.7,57.8,Winter,20.1,0.0,3130000,3075.0,2152.5,922.5
2018-01-23,20.5,65.4,Winter,20.1,50.0,3130000,3055.0,2138.5,916.5
2018-01-24,19.2,68.1,Winter,20.4,0.0,3130000,2940.0,2058.0,882.0
2018-01-25,19.3,59.5,Winter,20.6,0.0,3130000,2960.0,2072.0,888.0
2018-01-26,19.5,56.6,Winter,20.9,0.0,3130000,2995.0,2096.5,898.5
2018-01-27,19.8,57.2,Winter,20.8,0.0,3130000,3020.0,2114.0,906.0
2018-01-28,20.7,56.6,Winter,20.6,0.0,3130000,3100.0,2170.0,930.0
2018-01-29,20.6,59.1,Winter,20.8,0.0,3130000,3100.0,2170.0,930.0
2018-01-30,21.0,53.3,Winter,21.1,0.0,3130000,3155.0,2208.5,946.5
2018-01-31,20.7,47.9,Winter,21.4,0.0,3130000,3140.0,2198.0,942.0
2018-02-01,20.5,48.0,Winter,21.4,0.0,3130000,3120.0,2184.0,936.0
2018-02-02,20.9,50.0,Winter,21.4,0.0,3130000,3160.0,2212.0,948.0
2018-02-03,21.6,51.7,Winter,21.2,0.0,3130000,3220.0,2254.0,966.0
2018-02-04,22.4,53.9,Winter,21.1,0.0,3130000,3295.0,2306.5,988.5
2018-02-05,22.3,55.0,Winter,21.1,0.0,3130000,3285.0,2299.5,985.5
2018-02-06,21.4,52.0,Winter,18.6,0.0,3130000,3070.0,2149.0,921.0
2018-02-07,21.6,58.1,Winter,11.7,0.0,3130000,2745.0,1921.5,823.5
2018-02-08,21.2,56.4,Winter,21.5,0.0,3130000,3195.0,2236.5,958.5
2018-02-09,20.7,57.1,Winter,21.5,0.0,3130000,3145.0,2201.5,943.5
2018-02-10,20.5,50.2,Winter,18.3,0.0,3130000,2965.0,2075.5,889.5
2018-02-11,21.2,57.8,Winter,19.9,0.1,3130000,3115.0,2180.5,934.5
2018-02-12,20.6,62.4,Winter,20.5,0.0,3130000,3085.0,2159.5,925.5
2018-02-13,20.8,56.2,Winter,22.2,0.0,3130000,3190.0,2233.0,957.0
2018-02-14,21.8,63.9,Winter,19.7,0.0,3130000,3165.0,2215.5,949.5
2018-02-15,23.5,59.4,Winter,20.2,0.0,3130000,3360.0,2352.0,1008.0
2018-02-16,23.3,60.3,Winter,17.8,0.0,3130000,3220.0,2254.0,966.0
2018-02-17,23.5,55.1,Winter,22.5,0.0,3130000,3475.0,2432.5,1042.5
2018-02-18,23.5,51.5,Winter,22.5,0.0,3130000,3475.0,2432.5,1042.5
2018-02-19,23.9,47.0,Winter,22.2,0.0,3130000,3500.0,2450.0,1050.0
2018-02-20,24.2,45.7,Winter,22.1,0.0,3130000,3525.0,2467.5,1057.5
2018-02-21,24.0,49.9,Winter,19.6,0.0,3130000,3380.0,2366.0,1014.0
2018-02-22,24.3,53.1,Winter,19.1,0.0,3130000,3385.0,2369.5,1015.5
2018-02-23,24.9,55.6,Winter,19.0,0.0,3130000,3440.0,2408.0,1032.0
2018-02-24,25.1,54.7,Winter,20.5,0.0,3130000,3535.0,2474.5,1060.5
2018-02-25,24.4,51.4,Winter,23.5,0.0,3130000,3615.0,2530.5,1084.5
2018-02-26,24.4,44.8,Winter,23.7,0.0,3130000,3625.0,2537.5,1087.5
2018-02-27,24.7,43.4,Winter,23.6,0.0,3130000,3650.0,2555.0,1095.0
2018-02-28,25.1,42.7,Winter,23.8,0.0,3130000,3700.0,2590.0,1110.0
2018-03-01,25.9,43.0,Summer,23.8,0.0,3130000,3780.0,2646.0,1134.0
2018-03-02,26.1,47.2,Summer,22.9,0.0,3130000,3755.0,2628.5,1126.5
2018-03-03,26.1,53.5,Summer,18.8,0.0,3130000,3550.0,2485.0,1065.0
2018-03-04,25.9,63.3,Summer,19.9,0.0,3130000,3585.0,2509.5,1075.5
2018-03-05,25.8,58.3,Summer,20.4,0.0,3130000,3600.0,2520.0,1080.0
2018-03-06,26.0,49.6,Summer,20.6,0.0,3130000,3630.0,2541.0,1089.0
2018-03-07,26.4,52.9,Summer,19.8,0.0,3130000,3630.0,2541.0,1089.0
2018-03-08,25.9,56.4,Summer,22.0,0.0,3130000,3690.0,2583.0,1107.0
2018-03-09,26.2,52.2,Summer,21.7,0.0,3130000,3705.0,2593.5,1111.5
2018-03-10,26.5,50.2,Summer,21.9,0.0,3130000,3745.0,2621.5,1123.5
2018-03-11,27.5,44.6,Summer,21.6,0.0,3130000,3830.0,2681.0,1149.0
2018-03-12,26.5,41.2,Summer,20.9,0.0,3130000,3695.0,2586.5,1108.5
2018-03-13,26.9,42.5,Summer,20.0,0.0,3130000,3690.0,2583.0,1107.0
2018-03-14,27.0,37.2,Summer,18.9,0.0,3130000,3645.0,2551.5,1093.5
2018-03-15,25.3,36.5,Summer,5.6,0.0,3130000,2810.0,1967.0,843.0
2018-03-16,24.3,48.6,Summer,15.9,0.1,3130000,3225.0,2257.5,967.5
2018-03-17,25.0,54.7,Summer,17.8,0.0,3130000,3390.0,2373.0,1017.0
2018-03-18,25.4,60.1,Summer,18.4,5.0,3130000,3460.0,2422.0,1038.0
2018-03-19,26.2,59.5,Summer,22.5,0.1,3130000,3745.0,2621.5,1123.5
2018-03-20,25.9,50.8,Summer,25.5,0.0,3130000,3865.0,2705.5,1159.5
2018-03-21,25.2,51.0,Summer,25.9,0.0,3130000,3815.0,2670.5,1144.5
2018-03-22,24.3,45.9,Summer,26.7,0.0,3130000,3765.0,2635.5,1129.5
2018-03-23,24.1,50.0,Summer,26.6,0.0,3130000,3740.0,2618.0,1122.0
2018-03-24,25.6,54.0,Summer,26.3,0.0,3130000,3875.0,2712.5,1162.5
2018-03-25,26.7,44.5,Summer,26.1,0.0,3130000,3975.0,2782.5,1192.5
2018-03-26,27.7,41.3,Summer,25.7,0.0,3130000,4055.0,2838.5,1216.5
2018-03-27,28.3,48.9,Summer,25.9,0.0,3130000,4125.0,2887.5,1237.5
2018-03-28,27.1,54.7,Summer,25.9,0.0,3130000,4005.0,2803.5,1201.5
2018-03-29,27.1,52.2,Summer,25.6,0.0,3130000,3990.0,2793.0,1197.0
2018-03-30,27.0,51.5,Summer,26.5,0.0,3130000,4025.0,2817.5,1207.5
2018-03-31,27.1,53.6,Summer,26.2,0.0,3130000,4020.0,2814.0,1206.0
2018-04-01,27.0,51.4,Summer,26.8,0.0,3130000,4040.0,2828.0,1212.0
2018-04-02,27.9,49.2,Summer,24.1,0.0,3130000,3995.0,2796.5,1198.5
2018-04-03,27.8,48.7,Summer,25.4,0.0,3130000,4050.0,2835.0,1215.0
2018-04-04,28.3,53.2,Summer,24.8,0.0,3130000,4070.0,2849.0,1221.0
2018-04-05,28.5,51.3,Summer,24.5,0.0,3130000,4075.0,2852.5,1222.5
2018-04-06,27.3,51.2,Summer,18.3,0.1,3130000,3645.0,2551.5,1093.5
2018-04-07,28.1,50.9,Summer,24.0,2.6,3130000,4010.0,2807.0,1203.0
2018-04-08,27.2,49.4,Summer,24.6,1.3,3130000,3950.0,2765.0,1185.0
2018-04-09,27.3,41.3,Summer,23.7,0.0,3130000,3915.0,2740.5,1174.5
2018-04-10,27.6,41.7,Summer,23.4,0.0,3130000,3930.0,2751.0,1179.0
2018-04-11,27.2,50.5,Summer,23.4,0.0,3130000,3890.0,2723.0,1167.0
2018-04-12,27.6,53.2,Summer,25.8,0.0,3130000,4050.0,2835.0,1215.0
2018-04-13,28.1,51.8,Summer,26.4,0.0,3130000,4130.0,2891.0,1239.0
2018-04-14,28.5,46.7,Summer,26.4,0.0,3130000,4170.0,2919.0,1251.0
2018-04-15,28.4,55.5,Summer,23.0,0.1,3130000,3990.0,2793.0,1197.0
2018-04-16,29.2,55.4,Summer,23.8,0.0,3130000,4110.0,2877.0,1233.0
2018-04-17,29.1,62.3,Summer,21.8,0.8,3130000,4000.0,2800.0,1200.0
2018-04-18,28.8,62.0,Summer,23.0,2.9,3130000,4030.0,2821.0,1209.0
2018-04-19,29.9,46.4,Summer,27.0,0.0,3130000,4340.0,3038.0,1302.0
2018-04-20,28.4,45.8,Summer,27.0,0.0,3130000,4190.0,2933.0,1257.0
2018-04-21,28.8,49.5,Summer,26.9,0.2,3130000,4225.0,2957.5,1267.5
2018-04-22,28.8,42.4,Summer,27.5,0.0,3130000,4255.0,2978.5,1276.5
2018-04-23,28.1,46.0,Summer,27.6,0.0,3130000,4190.0,2933.0,1257.0
2018-04-24,29.0,47.9,Summer,28.2,0.0,3130000,4310.0,3017.0,1293.0
2018-04-25,28.6,41.8,Summer,28.4,0.0,3130000,4280.0,2996.0,1284.0
2018-04-26,28.0,45.7,Summer,28.0,0.0,3130000,4200.0,2940.0,1260.0
2018-04-27,28.6,51.5,Summer,27.4,0.0,3130000,4230.0,2961.0,1269.0
2018-04-28,29.4,56.2,Summer,25.5,0.0,3130000,4215.0,2950.5,1264.5
2018-04-29,29.0,57.7,Summer,26.5,0.0,3130000,4225.0,2957.5,1267.5
2018-04-30,28.7,51.2,Summer,27.6,0.0,3130000,4250.0,2975.0,1275.0
2018-05-01,28.9,54.4,Summer,26.4,0.0,3130000,4210.0,2947.0,1263.0
2018-05-02,28.8,51.4,Summer,27.9,0.0,3130000,4275.0,2992.5,1282.5
2018-05-03,28.8,51.9,Summer,26.9,0.0,3130000,4225.0,2957.5,1267.5
2018-05-04,29.1,48.1,Summer,27.7,0.0,3130000,4295.0,3006.5,1288.5
2018-05-05,29.3,55.0,Summer,26.9,0.0,3130000,4275.0,2992.5,1282.5
2018-05-06,29.6,59.3,Summer,24.8,0.2,3130000,4200.0,2940.0,1260.0
2018-05-07,29.1,57.0,Summer,25.3,0.0,3130000,4175.0,2922.5,1252.5
2018-05-08,29.1,49.6,Summer,27.0,0.0,3130000,4260.0,2982.0,1278.0
2018-05-09,30.0,52.5,Summer,27.1,0.0,3130000,4355.0,3048.5,1306.5
2018-05-10,30.0,57.0,Summer,25.1,0.4,3130000,4255.0,2978.5,1276.5
2018-05-11,29.9,60.9,Summer,24.9,0.0,3130000,4235.0,2964.5,1270.5
2018-05-12,29.2,57.1,Summer,25.6,0.7,3130000,4200.0,2940.0,1260.0
2018-05-13,28.9,53.0,Summer,23.7,4.0,3130000,4075.0,2852.5,1222.5
2018-05-14,28.9,63.2,Summer,24.8,0.0,3130000,4130.0,2891.0,1239.0
2018-05-15,28.6,62.6,Summer,26.2,0.9,3130000,4170.0,2919.0,1251.0
2018-05-16,29.4,59.8,Summer,24.5,1.5,3130000,4165.0,2915.5,1249.5
2018-05-17,30.2,59.9,Summer,24.9,0.0,3130000,4265.0,2985.5,1279.5
2018-05-18,29.1,66.6,Summer,24.0,0.3,3130000,4110.0,2877.0,1233.0
2018-05-19,29.3,60.8,Summer,26.7,0.1,3130000,4265.0,2985.5,1279.5
2018-05-20,28.7,61.0,Summer,26.3,0.0,3130000,4185.0,2929.5,1255.5
2018-05-21,28.7,63.0,Summer,25.0,0.7,3130000,4120.0,2884.0,1236.0
2018-05-22,28.7,55.3,Summer,24.7,0.0,3130000,4105.0,2873.5,1231.5
2018-05-23,29.2,54.4,Summer,25.0,0.0,3130000,4170.0,2919.0,1251.0
2018-05-24,28.4,63.6,Summer,24.2,0.0,3130000,4050.0,2835.0,1215.0
2018-05-25,28.9,63.6,Summer,25.1,0.3,3130000,4145.0,2901.5,1243.5
2018-05-26,30.0,63.6,Summer,24.9,0.2,3130000,4245.0,2971.5,1273.5
2018-05-27,30.3,65.4,Summer,23.3,2.3,3130000,4195.0,2936.5,1258.5
2018-05-28,29.2,68.9,Summer,22.2,0.8,3130000,4030.0,2821.0,1209.0
2018-05-29,28.5,68.0,Summer,21.9,0.0,3130000,3945.0,2761.5,1183.5
2018-05-30,28.7,66.6,Summer,24.0,0.0,3130000,4070.0,2849.0,1221.0
2018-05-31,29.3,66.8,Summer,22.3,0.2,3130000,4045.0,2831.5,1213.5
2018-06-01,28.0,73.1,Monsoon,22.1,25.0,3130000,3905.0,2733.5,1171.5
2018-06-02,26.9,78.6,Monsoon,17.6,11.0,3130000,3570.0,2499.0,1071.0
2018-06-03,26.6,77.8,Monsoon,13.6,2.4,3130000,3340.0,2338.0,1002.0
2018-06-04,27.1,74.8,Monsoon,17.7,4.4,3130000,3595.0,2516.5,1078.5
2018-06-05,27.5,73.3,Monsoon,16.7,1.6,3130000,3585.0,2509.5,1075.5
2018-06-06,27.0,78.6,Monsoon,15.4,19.0,3130000,3470.0,2429.0,1041.0
2018-06-07,26.1,85.0,Monsoon,11.8,6.8,3130000,3200.0,2240.0,960.0
2018-06-08,26.1,83.8,Monsoon,13.1,3.0,3130000,3265.0,2285.5,979.5
2018-06-09,25.1,87.3,Monsoon,9.0,5.7,3130000,2960.0,2072.0,888.0
2018-06-10,25.6,84.1,Monsoon,16.6,0.4,3130000,3390.0,2373.0,1017.0
2018-06-11,26.9,82.2,Monsoon,17.5,0.6,3130000,3565.0,2495.5,1069.5
2018-06-12,27.2,75.4,Monsoon,18.9,1.5,3130000,3665.0,2565.5,1099.5
2018-06-13,27.2,75.0,Monsoon,18.4,1.3,3130000,3640.0,2548.0,1092.0
2018-06-14,27.4,75.0,Monsoon,19.8,0.5,3130000,3730.0,2611.0,1119.0
2018-06-15,26.9,74.2,Monsoon,16.6,1.1,3130000,3520.0,2464.0,1056.0
2018-06-16,25.6,76.2,Monsoon,16.1,0.5,3130000,3365.0,2355.5,1009.5
2018-06-17,24.0,84.6,Monsoon,11.5,5.0,3130000,2975.0,2082.5,892.5
2018-06-18,24.1,86.1,Monsoon,7.1,13.7,3130000,2765.0,1935.5,829.5
2018-06-19,25.5,81.2,Monsoon,14.4,1.7,3130000,3270.0,2289.0,981.0
2018-06-20,26.7,78.6,Monsoon,19.1,0.3,3130000,3625.0,2537.5,1087.5
2018-06-21,25.1,86.2,Monsoon,11.9,65.0,3130000,3105.0,2173.5,931.5
2018-06-22,24.8,87.3,Monsoon,8.1,0.1,3130000,2885.0,2019.5,865.5
2018-06-23,23.8,88.4,Monsoon,5.6,0.5,3130000,2660.0,1862.0,798.0
2018-06-24,23.6,88.4,Monsoon,7.8,7.5,3130000,2750.0,1925.0,825.0
2018-06-25,23.2,91.4,Monsoon,7.9,1.1,3130000,2715.0,1900.5,814.5
2018-06-26,24.2,88.3,Monsoon,10.7,9.1,3130000,2955.0,2068.5,886.5
2018-06-27,25.3,82.5,Monsoon,16.4,2.4,3130000,3350.0,2345.0,1005.0
2018-06-28,24.6,85.4,Monsoon,11.6,0.3,3130000,3040.0,2128.0,912.0
2018-06-29,24.8,83.8,Monsoon,14.9,1.1,3130000,3225.0,2257.5,967.5
2018-06-30,24.8,80.9,Monsoon,16.3,1.8,3130000,3295.0,2306.5,988.5
2018-07-01,25.4,78.2,Monsoon,15.7,2.0,3130000,3325.0,2327.5,997.5
2018-07-02,24.2,85.5,Monsoon,10.6,0.4,3130000,2950.0,2065.0,885.0
2018-07-03,23.7,88.8,Monsoon,5.6,0.2,3130000,2650.0,1855.0,795.0
2018-07-04,23.7,89.2,Monsoon,10.1,6.0,3130000,2875.0,2012.5,862.5
2018-07-05,23.6,91.9,Monsoon,8.6,29.0,3130000,2790.0,1953.0,837.0
2018-07-06,24.5,87.2,Monsoon,11.6,0.2,3130000,3030.0,2121.0,909.0
2018-07-07,23.7,91.7,Monsoon,4.2,3.0,3130000,2580.0,1806.0,774.0
2018-07-08,23.2,90.7,Monsoon,6.4,5.0,3130000,2640.0,1848.0,792.0
2018-07-09,23.3,92.0,Monsoon,4.1,3.0,3130000,2535.0,1774.5,760.5
2018-07-10,23.2,91.9,Monsoon,4.4,3.0,3130000,2540.0,1778.0,762.0
2018-07-11,23.7,90.1,Monsoon,7.8,0.2,3130000,2760.0,1932.0,828.0
2018-07-12,23.2,91.8,Monsoon,6.8,3.0,3130000,2660.0,1862.0,798.0
2018-07-13,23.4,90.6,Monsoon,7.2,0.2,3130000,2700.0,1890.0,810.0
2018-07-14,23.8,90.3,Monsoon,9.5,3.0,3130000,2855.0,1998.5,856.5
2018-07-15,23.3,93.4,Monsoon,7.0,9.0,3130000,2680.0,1876.0,804.0
2018-07-16,22.6,95.2,Monsoon,4.5,64.0,3130000,2485.0,1739.5,745.5
2018-07-17,23.2,92.8,Monsoon,6.7,9.0,3130000,2655.0,1858.5,796.5
2018-07-18,23.4,90.1,Monsoon,13.8,3.3,3130000,3030.0,2121.0,909.0
2018-07-19,23.6,89.3,Monsoon,14.4,0.2,3130000,3080.0,2156.0,924.0
2018-07-20,23.3,90.8,Monsoon,11.0,0.1,3130000,2880.0,2016.0,864.0
2018-07-21,23.2,91.1,Monsoon,10.3,5.2,3130000,2835.0,1984.5,850.5
2018-07-22,23.1,90.9,Monsoon,10.4,2.7,3130000,2830.0,1981.0,849.0
2018-07-23,23.3,89.9,Monsoon,10.6,3.4,3130000,2860.0,2002.0,858.0
2018-07-24,23.3,90.5,Monsoon,4.7,0.6,3130000,2565.0,1795.5,769.5
2018-07-25,23.6,86.6,Monsoon,15.7,0.4,3130000,3145.0,2201.5,943.5
2018-07-26,23.4,88.0,Monsoon,6.6,0.1,3130000,2670.0,1869.0,801.0
2018-07-27,23.3,88.2,Monsoon,9.5,1.9,3130000,2805.0,1963.5,841.5
2018-07-28,24.3,84.7,Monsoon,15.3,2.5,3130000,3195.0,2236.5,958.5
2018-07-29,24.7,81.2,Monsoon,15.9,1.8,3130000,3265.0,2285.5,979.5
2018-07-30,24.3,82.8,Monsoon,16.6,0.2,3130000,3260.0,2282.0,978.0
2018-07-31,24.2,83.2,Monsoon,16.3,0.2,3130000,3235.0,2264.5,970.5
2018-08-01,24.1,85.1,Monsoon,14.5,0.3,3130000,3135.0,2194.5,940.5
2018-08-02,24.0,87.1,Monsoon,14.2,3.0,3130000,3110.0,2177.0,933.0
2018-08-03,24.1,86.0,Monsoon,12.8,0.1,3130000,3050.0,2135.0,915.0
2018-08-04,23.4,88.7,Monsoon,10.9,4.0,3130000,2885.0,2019.5,865.5
2018-08-05,23.8,84.1,Monsoon,16.7,0.2,3130000,3215.0,2250.5,964.5
2018-08-06,23.4,85.8,Monsoon,15.6,0.3,3130000,3120.0,2184.0,936.0
2018-08-07,23.3,86.3,Monsoon,13.2,0.1,3130000,2990.0,2093.0,897.0
2018-08-08,23.4,88.2,Monsoon,6.4,0.4,3130000,2660.0,1862.0,798.0
2018-08-09,23.6,87.8,Monsoon,8.9,0.3,3130000,2805.0,1963.5,841.5
2018-08-10,23.9,86.8,Monsoon,14.0,0.1,3130000,3090.0,2163.0,927.0
2018-08-11,23.4,90.4,Monsoon,10.0,0.2,3130000,2840.0,1988.0,852.0
2018-08-12,22.7,90.7,Monsoon,12.9,3.1,3130000,2915.0,2040.5,874.5
2018-08-13,22.6,93.5,Monsoon,5.2,4.7,3130000,2520.0,1764.0,756.0
2018-08-14,23.4,91.6,Monsoon,12.1,3.1,3130000,2945.0,2061.5,883.5
2018-08-15,23.2,90.7,Monsoon,10.2,2.5,3130000,2830.0,1981.0,849.0
2018-08-16,22.5,93.9,Monsoon,3.1,1.1,3130000,2405.0,1683.5,721.5
2018-08-17,22.8,92.5,Monsoon,5.5,9.0,3130000,2555.0,1788.5,766.5
2018-08-18,22.9,91.6,Monsoon,9.3,0.1,3130000,2755.0,1928.5,826.5
2018-08-19,23.2,89.4,Monsoon,12.0,4.0,3130000,2920.0,2044.0,876.0
2018-08-20,22.7,91.2,Monsoon,9.8,3.6,3130000,2760.0,1932.0,828.0
2018-08-21,21.9,95.6,Monsoon,3.5,14.4,3130000,2365.0,1655.5,709.5
2018-08-22,22.5,92.7,Monsoon,6.8,3.0,3130000,2590.0,1813.0,777.0
2018-08-23,23.1,89.5,Monsoon,14.2,0.1,3130000,3020.0,2114.0,906.0
2018-08-24,23.0,89.9,Monsoon,14.4,0.3,3130000,3020.0,2114.0,906.0
2018-08-25,22.8,90.7,Monsoon,13.0,7.7,3130000,2930.0,2051.0,879.0
2018-08-26,22.6,90.3,Monsoon,10.7,6.0,3130000,2795.0,1956.5,838.5
2018-08-27,22.5,91.0,Monsoon,5.1,3.2,3130000,2505.0,1753.5,751.5
2018-08-28,22.6,91.1,Monsoon,6.7,3.0,3130000,2595.0,1816.5,778.5
2018-08-29,23.5,87.2,Monsoon,12.8,0.2,3130000,2990.0,2093.0,897.0
2018-08-30,23.6,85.5,Monsoon,15.9,2.6,3130000,3155.0,2208.5,946.5
2018-08-31,23.6,84.5,Monsoon,15.2,2.3,3130000,3120.0,2184.0,936.0
2018-09-01,23.5,85.9,Monsoon,13.9,1.5,3130000,3045.0,2131.5,913.5
2018-09-02,22.9,89.6,Monsoon,13.7,3.0,3130000,2975.0,2082.5,892.5
2018-09-03,23.1,87.9,Monsoon,14.7,3.1,3130000,3045.0,2131.5,913.5
2018-09-04,22.9,86.3,Monsoon,16.3,1.6,3130000,3105.0,2173.5,931.5
2018-09-05,23.2,82.8,Monsoon,17.6,0.6,3130000,3200.0,2240.0,960.0
2018-09-06,23.5,80.8,Monsoon,17.1,1.8,3130000,3205.0,2243.5,961.5
2018-09-07,22.7,84.6,Monsoon,15.9,0.4,3130000,3065.0,2145.5,919.5
2018-09-08,22.9,80.5,Monsoon,17.5,0.7,3130000,3165.0,2215.5,949.5
2018-09-09,23.2,79.2,Monsoon,17.9,0.2,3130000,3215.0,2250.5,964.5
2018-09-10,23.7,78.6,Monsoon,18.3,0.3,3130000,3285.0,2299.5,985.5
2018-09-11,24.1,79.0,Monsoon,19.9,0.3,3130000,3405.0,2383.5,1021.5
2018-09-12,23.6,78.5,Monsoon,19.7,0.0,3130000,3345.0,2341.5,1003.5
2018-09-13,23.3,78.7,Monsoon,19.1,0.1,3130000,3285.0,2299.5,985.5
2018-09-14,23.5,80.7,Monsoon,17.9,1.3,3130000,3245.0,2271.5,973.5
2018-09-15,24.4,81.1,Monsoon,18.3,0.2,3130000,3355.0,2348.5,1006.5
2018-09-16,24.4,81.2,Monsoon,19.6,1.0,3130000,3420.0,2394.0,1026.0
2018-09-17,24.3,78.3,Monsoon,19.8,0.3,3130000,3420.0,2394.0,1026.0
2018-09-18,23.7,80.5,Monsoon,17.6,0.7,3130000,3250.0,2275.0,975.0
2018-09-19,23.0,87.3,Monsoon,13.7,1.8,3130000,2985.0,2089.5,895.5
2018-09-20,23.6,86.2,Monsoon,14.7,11.0,3130000,3095.0,2166.5,928.5
2018-09-21,24.5,85.9,Monsoon,10.0,1.0,3130000,2950.0,2065.0,885.0
2018-09-22,24.4,83.3,Monsoon,12.2,0.3,3130000,3050.0,2135.0,915.0
2018-09-23,24.6,80.6,Monsoon,17.6,0.5,3130000,3340.0,2338.0,1002.0
2018-09-24,25.0,82.5,Monsoon,16.1,1.1,3130000,3305.0,2313.5,991.5
2018-09-25,25.4,81.3,Monsoon,18.4,2.4,3130000,3460.0,2422.0,1038.0
2018-09-26,25.8,81.5,Monsoon,19.1,2.0,3130000,3535.0,2474.5,1060.5
2018-09-27,25.9,80.9,Monsoon,16.8,0.8,3130000,3430.0,2401.0,1029.0
2018-09-28,26.0,76.7,Monsoon,16.7,4.9,3130000,3435.0,2404.5,1030.5
2018-09-29,25.2,80.0,Monsoon,18.7,1.0,3130000,3455.0,2418.5,1036.5
2018-09-30,25.2,80.8,Monsoon,17.5,1.0,3130000,3395.0,2376.5,1018.5
2018-10-01,25.0,82.5,Post-Monsoon,18.4,16.0,3130000,3420.0,2394.0,1026.0
2018-10-02,25.5,80.5,Post-Monsoon,19.3,4.0,3130000,3515.0,2460.5,1054.5
2018-10-03,26.4,78.0,Post-Monsoon,19.0,1.4,3130000,3590.0,2513.0,1077.0
2018-10-04,25.4,79.2,Post-Monsoon,17.4,2.0,3130000,3410.0,2387.0,1023.0
2018-10-05,25.2,76.5,Post-Monsoon,15.8,0.9,3130000,3310.0,2317.0,993.0
2018-10-06,25.7,70.1,Post-Monsoon,20.6,0.0,3130000,3600.0,2520.0,1080.0
2018-10-07,26.2,64.3,Post-Monsoon,21.2,0.0,3130000,3680.0,2576.0,1104.0
2018-10-08,26.0,66.8,Post-Monsoon,18.9,0.1,3130000,3545.0,2481.5,1063.5
2018-10-09,26.1,75.6,Post-Monsoon,18.7,0.0,3130000,3545.0,2481.5,1063.5
2018-10-10,25.8,78.5,Post-Monsoon,19.0,0.0,3130000,3530.0,2471.0,1059.0
2018-10-11,25.6,76.2,Post-Monsoon,19.1,0.0,3130000,3515.0,2460.5,1054.5
2018-10-12,26.1,72.8,Post-Monsoon,18.3,0.0,3130000,3525.0,2467.5,1057.5
2018-10-13,25.8,66.9,Post-Monsoon,21.0,0.0,3130000,3630.0,2541.0,1089.0
2018-10-14,25.6,63.8,Post-Monsoon,22.0,0.0,3130000,3660.0,2562.0,1098.0
2018-10-15,25.2,63.5,Post-Monsoon,19.8,0.0,3130000,3510.0,2457.0,1053.0
2018-10-16,25.6,64.4,Post-Monsoon,18.9,0.0,3130000,3505.0,2453.5,1051.5
2018-10-17,24.6,78.3,Post-Monsoon,15.8,0.4,3130000,3250.0,2275.0,975.0
2018-10-18,24.4,82.2,Post-Monsoon,12.3,4.0,3130000,3055.0,2138.5,916.5
2018-10-19,24.9,76.6,Post-Monsoon,17.8,8.0,3130000,3380.0,2366.0,1014.0
2018-10-20,25.4,71.3,Post-Monsoon,18.9,0.0,3130000,3485.0,2439.5,1045.5
2018-10-21,25.9,70.8,Post-Monsoon,19.9,0.0,3130000,3585.0,2509.5,1075.5
2018-10-22,25.7,68.9,Post-Monsoon,18.8,0.0,3130000,3510.0,2457.0,1053.0
2018-10-23,25.9,63.0,Post-Monsoon,19.5,0.0,3130000,3565.0,2495.5,1069.5
2018-10-24,24.8,58.9,Post-Monsoon,19.3,0.0,3130000,3445.0,2411.5,1033.5
2018-10-25,25.0,65.7,Post-Monsoon,18.5,0.2,3130000,3425.0,2397.5,1027.5
2018-10-26,24.8,62.8,Post-Monsoon,18.1,0.0,3130000,3385.0,2369.5,1015.5
2018-10-27,24.4,54.9,Post-Monsoon,19.8,0.0,3130000,3430.0,2401.0,1029.0
2018-10-28,24.3,49.8,Post-Monsoon,21.3,0.0,3130000,3495.0,2446.5,1048.5
2018-10-29,23.6,45.3,Post-Monsoon,21.8,0.0,3130000,3450.0,2415.0,1035.0
2018-10-30,22.7,48.1,Post-Monsoon,21.8,0.0,3130000,3360.0,2352.0,1008.0
2018-10-31,22.9,51.3,Post-Monsoon,21.4,0.0,3130000,3360.0,2352.0,1008.0
2018-11-01,23.7,52.5,Post-Monsoon,20.8,0.0,3130000,3410.0,2387.0,1023.0
2018-11-02,24.6,57.2,Post-Monsoon,16.3,0.0,3130000,3275.0,2292.5,982.5
2018-11-03,25.8,68.0,Post-Monsoon,15.0,0.4,3130000,3330.0,2331.0,999.0
2018-11-04,25.9,73.5,Post-Monsoon,16.3,4.0,3130000,3405.0,2383.5,1021.5
2018-11-05,25.4,77.9,Post-Monsoon,14.5,6.3,3130000,3265.0,2285.5,979.5
2018-11-06,25.6,74.9,Post-Monsoon,16.5,0.2,3130000,3385.0,2369.5,1015.5
2018-11-07,25.0,66.1,Post-Monsoon,19.2,0.0,3130000,3460.0,2422.0,1038.0
2018-11-08,24.5,63.6,Post-Monsoon,19.9,0.0,3130000,3445.0,2411.5,1033.5
2018-11-09,24.8,64.4,Post-Monsoon,20.0,0.0,3130000,3480.0,2436.0,1044.0
2018-11-10,24.0,62.4,Post-Monsoon,19.7,0.0,3130000,3385.0,2369.5,1015.5
2018-11-11,23.5,58.7,Post-Monsoon,19.9,0.0,3130000,3345.0,2341.5,1003.5
2018-11-12,22.9,56.6,Post-Monsoon,20.1,0.0,3130000,3295.0,2306.5,988.5
2018-11-13,22.6,52.8,Post-Monsoon,20.1,0.0,3130000,3265.0,2285.5,979.5
2018-11-14,23.0,57.7,Post-Monsoon,20.0,0.0,3130000,3300.0,2310.0,990.0
2018-11-15,22.4,56.8,Post-Monsoon,20.0,0.0,3130000,3240.0,2268.0,972.0
2018-11-16,22.3,49.5,Post-Monsoon,20.0,0.0,3130000,3230.0,2261.0,969.0
2018-11-17,22.9,52.6,Post-Monsoon,19.8,0.0,3130000,3280.0,2296.0,984.0
2018-11-18,24.5,59.7,Post-Monsoon,17.7,0.0,3130000,3335.0,2334.5,1000.5
2018-11-19,24.4,74.1,Post-Monsoon,13.7,2.9,3130000,3125.0,2187.5,937.5
2018-11-20,23.6,81.2,Post-Monsoon,13.2,1.3,3130000,3020.0,2114.0,906.0
2018-11-21,24.2,75.8,Post-Monsoon,14.8,0.7,3130000,3160.0,2212.0,948.0
2018-11-22,24.1,65.5,Post-Monsoon,18.6,0.0,3130000,3340.0,2338.0,1002.0
2018-11-23,23.1,55.1,Post-Monsoon,19.1,0.0,3130000,3265.0,2285.5,979.5
2018-11-24,22.2,54.8,Post-Monsoon,19.1,0.0,3130000,3175.0,2222.5,952.5
2018-11-25,22.0,61.6,Post-Monsoon,17.6,0.0,3130000,3080.0,2156.0,924.0
2018-11-26,21.7,62.6,Post-Monsoon,19.0,0.0,3130000,3120.0,2184.0,936.0
2018-11-27,21.1,60.6,Post-Monsoon,19.2,0.0,3130000,3070.0,2149.0,921.0
2018-11-28,20.5,59.1,Post-Monsoon,19.1,0.0,3130000,3005.0,2103.5,901.5
2018-11-29,20.6,58.8,Post-Monsoon,19.1,0.0,3130000,3015.0,2110.5,904.5
2018-11-30,20.6,58.6,Post-Monsoon,19.0,0.0,3130000,3010.0,2107.0,903.0
2018-12-01,19.6,62.0,Winter,16.5,0.0,3130000,2785.0,1949.5,835.5
2018-12-02,19.9,61.4,Winter,18.0,0.0,3130000,2890.0,2023.0,867.0
2018-12-03,20.9,61.6,Winter,18.3,0.0,3130000,3005.0,2103.5,901.5
2018-12-04,21.7,63.4,Winter,16.6,0.0,3130000,3000.0,2100.0,900.0
2018-12-05,23.1,65.1,Winter,15.8,0.0,3130000,3100.0,2170.0,930.0
2018-12-06,23.6,63.5,Winter,17.7,0.0,3130000,3245.0,2271.5,973.5
2018-12-07,23.3,65.0,Winter,17.8,0.0,3130000,3220.0,2254.0,966.0
2018-12-08,23.1,68.1,Winter,15.0,0.0,3130000,3060.0,2142.0,918.0
2018-12-09,22.7,64.9,Winter,17.3,0.0,3130000,3135.0,2194.5,940.5
2018-12-10,20.8,59.3,Winter,19.0,0.0,3130000,3030.0,2121.0,909.0
2018-12-11,19.5,55.3,Winter,19.2,0.0,3130000,2910.0,2037.0,873.0
2018-12-12,20.0,57.0,Winter,18.7,0.0,3130000,2935.0,2054.5,880.5
2018-12-13,19.7,61.1,Winter,18.4,0.0,3130000,2890.0,2023.0,867.0
2018-12-14,20.5,58.9,Winter,15.3,0.0,3130000,2815.0,1970.5,844.5
2018-12-15,21.2,58.6,Winter,15.9,0.0,3130000,2915.0,2040.5,874.5
2018-12-16,19.9,57.1,Winter,18.0,0.0,3130000,2890.0,2023.0,867.0
2018-12-17,17.9,55.7,Winter,18.3,0.0,3130000,2705.0,1893.5,811.5
2018-12-18,19.0,61.6,Winter,17.9,0.0,3130000,2795.0,1956.5,838.5
2018-12-19,17.9,61.9,Winter,18.7,0.0,3130000,2725.0,1907.5,817.5
2018-12-20,18.5,63.0,Winter,18.4,0.0,3130000,2770.0,1939.0,831.0
2018-12-21,20.0,65.7,Winter,18.3,0.0,3130000,2915.0,2040.5,874.5
2018-12-22,20.9,62.0,Winter,17.7,0.0,3130000,2975.0,2082.5,892.5
2018-12-23,21.5,64.6,Winter,16.4,0.0,3130000,2970.0,2079.0,891.0
2018-12-24,22.5,67.1,Winter,15.4,0.0,3130000,3020.0,2114.0,906.0
2018-12-25,23.1,65.1,Winter,17.1,0.0,3130000,3165.0,2215.5,949.5
2018-12-26,21.6,61.4,Winter,18.0,0.0,3130000,3060.0,2142.0,918.0
2018-12-27,18.4,51.6,Winter,19.4,0.0,3130000,2810.0,1967.0,843.0
2018-12-28,16.4,51.3,Winter,19.4,0.0,3130000,2610.0,1827.0,783.0
2018-12-29,16.6,48.3,Winter,19.4,0.0,3130000,2630.0,1841.0,789.0
2018-12-30,16.8,47.8,Winter,19.4,0.0,3130000,2650.0,1855.0,795.0
2018-12-31,17.4,48.9,Winter,19.0,0.0,3130000,2690.0,1883.0,807.0
2019-01-01,18.5,49.4,Winter,19.0,0.0,3130000,2800.0,1960.0,840.0
2019-01-02,19.3,45.9,Winter,19.2,0.0,3130000,2890.0,2023.0,867.0
2019-01-03,19.8,48.6,Winter,19.2,0.0,3130000,2940.0,2058.0,882.0
2019-01-04,20.4,49.2,Winter,19.2,0.0,3130000,3000.0,2100.0,900.0
2019-01-05,20.5,53.8,Winter,19.0,0.0,3130000,3000.0,2100.0,900.0
2019-01-06,20.5,52.9,Winter,19.1,0.0,3130000,3005.0,2103.5,901.5
2019-01-07,18.6,53.2,Winter,19.2,0.0,3130000,2820.0,1974.0,846.0
2019-01-08,18.6,54.3,Winter,19.6,0.0,3130000,2840.0,1988.0,852.0
2019-01-09,19.3,52.3,Winter,19.6,0.0,3130000,2910.0,2037.0,873.0
2019-01-10,19.6,54.1,Winter,19.6,0.0,3130000,2940.0,2058.0,882.0
2019-01-11,20.3,53.5,Winter,19.5,0.0,3130000,3005.0,2103.5,901.5
2019-01-12,21.1,52.7,Winter,19.4,0.0,3130000,3080.0,2156.0,924.0
2019-01-13,20.3,55.2,Winter,19.6,0.0,3130000,3010.0,2107.0,903.0
2019-01-14,20.0,58.2,Winter,19.1,0.0,3130000,2955.0,2068.5,886.5
2019-01-15,20.5,61.0,Winter,19.3,0.0,3130000,3015.0,2110.5,904.5
2019-01-16,20.8,60.5,Winter,19.3,0.0,3130000,3045.0,2131.5,913.5
2019-01-17,21.3,59.3,Winter,19.7,0.0,3130000,3115.0,2180.5,934.5
2019-01-18,21.3,57.3,Winter,19.8,0.0,3130000,3120.0,2184.0,936.0
2019-01-19,21.0,55.2,Winter,19.9,0.0,3130000,3095.0,2166.5,928.5
2019-01-20,21.5,54.3,Winter,20.1,0.0,3130000,3155.0,2208.5,946.5
2019-01-21,21.6,51.9,Winter,20.1,0.0,3130000,3165.0,2215.5,949.5
2019-01-22,19.8,61.0,Winter,20.2,0.0,3130000,2990.0,2093.0,897.0
2019-01-23,19.3,69.3,Winter,19.7,0.0,3130000,2915.0,2040.5,874.5
2019-01-24,19.6,64.5,Winter,19.3,0.0,3130000,2925.0,2047.5,877.5
2019-01-25,18.3,57.8,Winter,20.7,0.0,3130000,2865.0,2005.5,859.5
2019-01-26,17.5,59.9,Winter,20.0,0.0,3130000,2750.0,1925.0,825.0
2019-01-27,19.4,58.5,Winter,18.3,0.0,3130000,2855.0,1998.5,856.5
2019-01-28,18.5,54.8,Winter,20.0,0.0,3130000,2850.0,1995.0,855.0
2019-01-29,17.8,51.7,Winter,21.1,0.0,3130000,2835.0,1984.5,850.5
2019-01-30,18.9,51.8,Winter,21.1,0.0,3130000,2945.0,2061.5,883.5
2019-01-31,19.8,54.9,Winter,21.0,0.0,3130000,3030.0,2121.0,909.0
2019-02-01,21.0,56.4,Winter,20.3,0.0,3130000,3115.0,2180.5,934.5
2019-02-02,21.3,58.9,Winter,17.3,0.0,3130000,2995.0,2096.5,898.5
2019-02-03,21.9,59.5,Winter,15.6,0.0,3130000,2970.0,2079.0,891.0
2019-02-04,22.7,52.9,Winter,20.8,0.0,3130000,3310.0,2317.0,993.0
2019-02-05,22.4,58.5,Winter,19.9,0.0,3130000,3235.0,2264.5,970.5
2019-02-06,22.5,61.5,Winter,20.1,0.2,3130000,3255.0,2278.5,976.5
2019-02-07,19.4,60.7,Winter,21.5,0.0,3130000,3015.0,2110.5,904.5
2019-02-08,17.3,57.5,Winter,22.4,0.0,3130000,2850.0,1995.0,855.0
2019-02-09,15.7,47.2,Winter,23.3,0.0,3130000,2735.0,1914.5,820.5
2019-02-10,18.8,41.2,Winter,22.5,0.0,3130000,3005.0,2103.5,901.5
2019-02-11,21.7,48.8,Winter,21.5,0.0,3130000,3245.0,2271.5,973.5
2019-02-12,24.0,54.7,Winter,17.7,0.0,3130000,3285.0,2299.5,985.5
2019-02-13,24.7,56.9,Winter,18.8,0.0,3130000,3410.0,2387.0,1023.0
2019-02-14,23.9,56.5,Winter,21.6,0.0,3130000,3470.0,2429.0,1041.0
2019-02-15,22.6,51.7,Winter,21.9,0.0,3130000,3355.0,2348.5,1006.5
2019-02-16,21.3,52.7,Winter,23.1,0.0,3130000,3285.0,2299.5,985.5
2019-02-17,21.4,49.3,Winter,22.8,0.0,3130000,3280.0,2296.0,984.0
2019-02-18,22.5,52.5,Winter,22.5,0.0,3130000,3375.0,2362.5,1012.5
2019-02-19,24.1,49.7,Winter,22.5,0.0,3130000,3535.0,2474.5,1060.5
2019-02-20,25.2,49.9,Winter,22.4,0.0,3130000,3640.0,2548.0,1092.0
2019-02-21,25.8,57.9,Winter,20.1,0.0,3130000,3585.0,2509.5,1075.5
2019-02-22,26.2,55.8,Winter,18.9,0.0,3130000,3565.0,2495.5,1069.5
2019-02-23,25.7,50.7,Winter,21.1,0.0,3130000,3625.0,2537.5,1087.5
2019-02-24,25.0,42.1,Winter,23.0,0.0,3130000,3650.0,2555.0,1095.0
2019-02-25,24.4,37.9,Winter,23.6,0.0,3130000,3620.0,2534.0,1086.0
2019-02-26,22.7,39.2,Winter,23.5,0.0,3130000,3445.0,2411.5,1033.5
2019-02-27,21.6,48.8,Winter,24.4,0.0,3130000,3380.0,2366.0,1014.0
2019-02-28,21.2,55.3,Winter,24.5,0.0,3130000,3345.0,2341.5,1003.5
2019-03-01,22.2,48.7,Summer,24.0,0.0,3130000,3420.0,2394.0,1026.0
2019-03-02,24.2,46.6,Summer,24.0,0.0,3130000,3620.0,2534.0,1086.0
2019-03-03,23.6,56.8,Summer,24.1,0.0,3130000,3565.0,2495.5,1069.5
2019-03-04,23.2,64.5,Summer,23.8,0.0,3130000,3510.0,2457.0,1053.0
2019-03-05,22.6,63.5,Summer,23.8,0.0,3130000,3450.0,2415.0,1035.0
2019-03-06,21.5,62.6,Summer,24.2,0.0,3130000,3360.0,2352.0,1008.0
2019-03-07,22.8,53.2,Summer,25.2,0.0,3130000,3540.0,2478.0,1062.0
2019-03-08,24.4,50.1,Summer,24.9,0.0,3130000,3685.0,2579.5,1105.5
2019-03-09,25.2,45.2,Summer,24.9,0.0,3130000,3765.0,2635.5,1129.5
2019-03-10,25.6,45.5,Summer,24.9,0.0,3130000,3805.0,2663.5,1141.5
2019-03-11,25.0,44.5,Summer,24.9,0.0,3130000,3745.0,2621.5,1123.5
2019-03-12,24.8,48.7,Summer,22.9,0.0,3130000,3625.0,2537.5,1087.5
2019-03-13,24.7,46.5,Summer,22.0,0.0,3130000,3570.0,2499.0,1071.0
2019-03-14,24.6,45.4,Summer,23.4,0.0,3130000,3630.0,2541.0,1089.0
2019-03-15,25.3,43.2,Summer,25.1,0.0,3130000,3785.0,2649.5,1135.5
2019-03-16,25.8,37.9,Summer,25.2,0.0,3130000,3840.0,2688.0,1152.0
2019-03-17,26.1,35.8,Summer,25.7,0.0,3130000,3895.0,2726.5,1168.5
2019-03-18,25.9,43.5,Summer,25.9,0.0,3130000,3885.0,2719.5,1165.5
2019-03-19,25.9,39.5,Summer,26.1,0.0,3130000,3895.0,2726.5,1168.5
2019-03-20,25.8,40.6,Summer,25.9,0.0,3130000,3875.0,2712.5,1162.5
2019-03-21,25.3,44.0,Summer,26.1,0.0,3130000,3835.0,2684.5,1150.5
2019-03-22,25.6,39.4,Summer,26.6,0.0,3130000,3890.0,2723.0,1167.0
2019-03-23,27.2,41.2,Summer,25.9,0.0,3130000,4015.0,2810.5,1204.5
2019-03-24,28.3,37.4,Summer,26.0,0.0,3130000,4130.0,2891.0,1239.0
2019-03-25,28.9,36.5,Summer,23.9,0.2,3130000,4085.0,2859.5,1225.5
2019-03-26,28.9,36.3,Summer,26.4,0.0,3130000,4210.0,2947.0,1263.0
2019-03-27,28.2,49.9,Summer,26.2,0.0,3130000,4130.0,2891.0,1239.0
2019-03-28,28.9,45.7,Summer,26.6,0.0,3130000,4220.0,2954.0,1266.0
2019-03-29,29.2,44.6,Summer,25.6,0.0,3130000,4200.0,2940.0,1260.0
2019-03-30,29.1,52.2,Summer,24.8,0.4,3130000,4150.0,2905.0,1245.0
2019-03-31,29.1,49.9,Summer,25.0,0.0,3130000,4160.0,2912.0,1248.0
2019-04-01,28.0,43.0,Summer,26.9,0.0,3130000,4145.0,2901.5,1243.5
2019-04-02,27.7,45.4,Summer,27.0,0.0,3130000,4120.0,2884.0,1236.0
2019-04-03,28.9,44.9,Summer,25.7,0.0,3130000,4175.0,2922.5,1252.5
2019-04-04,29.0,47.3,Summer,25.0,0.3,3130000,4150.0,2905.0,1245.0
2019-04-05,28.1,55.8,Summer,24.1,2.7,3130000,4015.0,2810.5,1204.5
2019-04-06,28.6,49.3,Summer,24.8,0.0,3130000,4100.0,2870.0,1230.0
2019-04-07,28.7,42.8,Summer,26.6,0.0,3130000,4200.0,2940.0,1260.0
2019-04-08,29.3,43.8,Summer,26.8,0.0,3130000,4270.0,2989.0,1281.0
2019-04-09,28.4,44.6,Summer,26.4,0.0,3130000,4160.0,2912.0,1248.0
2019-04-10,29.0,43.9,Summer,26.4,0.0,3130000,4220.0,2954.0,1266.0
2019-04-11,29.6,46.2,Summer,25.4,0.0,3130000,4230.0,2961.0,1269.0
2019-04-12,30.3,46.5,Summer,26.0,0.0,3130000,4330.0,3031.0,1299.0
2019-04-13,29.7,49.5,Summer,23.2,0.2,3130000,4130.0,2891.0,1239.0
2019-04-14,29.1,51.5,Summer,22.9,0.2,3130000,4055.0,2838.5,1216.5
2019-04-15,28.4,53.1,Summer,22.0,2.8,3130000,3940.0,2758.0,1182.0
2019-04-16,27.7,62.1,Summer,23.2,1.0,3130000,3930.0,2751.0,1179.0
2019-04-17,27.0,54.9,Summer,27.0,0.0,3130000,4050.0,2835.0,1215.0
2019-04-18,26.2,48.0,Summer,28.3,0.0,3130000,4035.0,2824.5,1210.5
2019-04-19,27.7,53.3,Summer,27.6,0.0,3130000,4150.0,2905.0,1245.0
2019-04-20,27.7,48.7,Summer,27.6,0.0,3130000,4150.0,2905.0,1245.0
2019-04-21,27.8,48.7,Summer,27.0,0.0,3130000,4130.0,2891.0,1239.0
2019-04-22,28.4,45.9,Summer,27.5,0.0,3130000,4215.0,2950.5,1264.5
2019-04-23,29.5,40.8,Summer,25.5,0.0,3130000,4225.0,2957.5,1267.5
2019-04-24,30.8,42.5,Summer,24.1,0.0,3130000,4285.0,2999.5,1285.5
2019-04-25,31.4,43.5,Summer,23.2,0.0,3130000,4300.0,3010.0,1290.0
2019-04-26,32.1,42.0,Summer,25.1,0.0,3130000,4465.0,3125.5,1339.5
2019-04-27,32.9,42.7,Summer,23.3,0.0,3130000,4455.0,3118.5,1336.5
2019-04-28,32.6,46.4,Summer,25.2,0.0,3130000,4520.0,3164.0,1356.0
2019-04-29,30.8,52.8,Summer,25.6,0.0,3130000,4360.0,3052.0,1308.0
2019-04-30,29.2,52.0,Summer,25.6,0.0,3130000,4200.0,2940.0,1260.0
2019-05-01,28.0,53.1,Summer,27.5,0.0,3130000,4175.0,2922.5,1252.5
2019-05-02,26.9,55.5,Summer,27.5,0.0,3130000,4065.0,2845.5,1219.5
2019-05-03,26.3,58.4,Summer,26.9,0.0,3130000,3975.0,2782.5,1192.5
2019-05-04,26.4,63.3,Summer,25.9,0.0,3130000,3935.0,2754.5,1180.5
2019-05-05,27.4,60.8,Summer,26.9,0.0,3130000,4085.0,2859.5,1225.5
2019-05-06,28.7,56.2,Summer,24.0,0.0,3130000,4070.0,2849.0,1221.0
2019-05-07,28.4,59.6,Summer,25.2,0.1,3130000,4100.0,2870.0,1230.0
2019-05-08,27.5,65.7,Summer,23.9,0.4,3130000,3945.0,2761.5,1183.5
2019-05-09,27.2,59.6,Summer,26.5,0.0,3130000,4045.0,2831.5,1213.5
2019-05-10,27.2,62.2,Summer,26.0,0.0,3130000,4020.0,2814.0,1206.0
2019-05-11,28.3,57.9,Summer,26.1,0.0,3130000,4135.0,2894.5,1240.5
2019-05-12,28.9,57.3,Summer,26.6,0.1,3130000,4220.0,2954.0,1266.0
2019-05-13,28.9,57.5,Summer,27.1,0.0,3130000,4245.0,2971.5,1273.5
2019-05-14,28.6,54.4,Summer,28.1,0.0,3130000,4265.0,2985.5,1279.5
2019-05-15,27.9,53.3,Summer,28.3,0.0,3130000,4205.0,2943.5,1261.5
2019-05-16,28.3,54.8,Summer,27.7,0.0,3130000,4215.0,2950.5,1264.5
2019-05-17,29.1,53.3,Summer,28.0,0.0,3130000,4310.0,3017.0,1293.0
2019-05-18,29.9,49.0,Summer,27.9,0.0,3130000,4385.0,3069.5,1315.5
2019-05-19,30.2,42.6,Summer,26.2,0.0,3130000,4330.0,3031.0,1299.0
2019-05-20,30.4,46.4,Summer,25.7,0.0,3130000,4325.0,3027.5,1297.5
2019-05-21,30.7,56.7,Summer,24.9,0.1,3130000,4315.0,3020.5,1294.5
2019-05-22,30.2,56.9,Summer,26.0,0.0,3130000,4320.0,3024.0,1296.0
2019-05-23,29.8,57.9,Summer,26.5,0.0,3130000,4305.0,3013.5,1291.5
2019-05-24,29.7,59.3,Summer,26.7,0.0,3130000,4305.0,3013.5,1291.5
2019-05-25,29.6,60.2,Summer,26.2,0.0,3130000,4270.0,2989.0,1281.0
2019-05-26,28.7,58.0,Summer,27.4,0.0,3130000,4240.0,2968.0,1272.0
2019-05-27,29.2,63.9,Summer,26.1,0.0,3130000,4225.0,2957.5,1267.5
2019-05-28,30.0,57.9,Summer,26.7,0.0,3130000,4335.0,3034.5,1300.5
2019-05-29,30.2,55.3,Summer,27.7,0.0,3130000,4405.0,3083.5,1321.5
2019-05-30,29.3,62.5,Summer,27.2,0.0,3130000,4290.0,3003.0,1287.0
2019-05-31,29.6,59.2,Summer,26.0,0.0,3130000,4260.0,2982.0,1278.0
2019-06-01,29.1,63.3,Monsoon,24.2,0.0,3130000,4120.0,2884.0,1236.0
2019-06-02,29.3,66.0,Monsoon,25.2,0.0,3130000,4190.0,2933.0,1257.0
2019-06-03,28.7,66.3,Monsoon,21.9,0.2,3130000,3965.0,2775.5,1189.5
2019-06-04,28.7,66.1,Monsoon,21.4,0.0,3130000,3940.0,2758.0,1182.0
2019-06-05,29.8,64.7,Monsoon,24.6,0.5,3130000,4210.0,2947.0,1263.0
2019-06-06,28.9,67.0,Monsoon,23.0,0.1,3130000,4040.0,2828.0,1212.0
2019-06-07,29.5,62.2,Monsoon,24.7,1.0,3130000,4185.0,2929.5,1255.5
2019-06-08,30.1,66.3,Monsoon,19.8,0.8,3130000,4000.0,2800.0,1200.0
2019-06-09,28.5,72.3,Monsoon,16.3,30.0,3130000,3665.0,2565.5,1099.5
2019-06-10,27.3,75.0,Monsoon,19.7,2.0,3130000,3715.0,2600.5,1114.5
2019-06-11,28.3,71.1,Monsoon,17.7,5.9,3130000,3715.0,2600.5,1114.5
2019-06-12,25.7,78.2,Monsoon,12.0,0.2,3130000,3170.0,2219.0,951.0
2019-06-13,25.4,83.4,Monsoon,17.7,4.8,3130000,3425.0,2397.5,1027.5
2019-06-14,26.6,79.3,Monsoon,18.5,3.2,3130000,3585.0,2509.5,1075.5
2019-06-15,26.3,81.1,Monsoon,13.2,1.1,3130000,3290.0,2303.0,987.0
2019-06-16,27.0,77.0,Monsoon,18.0,2.0,3130000,3600.0,2520.0,1080.0
2019-06-17,26.6,75.2,Monsoon,17.7,0.9,3130000,3545.0,2481.5,1063.5
2019-06-18,26.3,78.3,Monsoon,16.9,0.1,3130000,3475.0,2432.5,1042.5
2019-06-19,25.4,83.7,Monsoon,14.0,0.5,3130000,3240.0,2268.0,972.0
2019-06-20,26.6,76.1,Monsoon,18.9,1.0,3130000,3605.0,2523.5,1081.5
2019-06-21,26.8,76.9,Monsoon,18.5,1.7,3130000,3605.0,2523.5,1081.5
2019-06-22,26.6,76.3,Monsoon,20.4,1.1,3130000,3680.0,2576.0,1104.0
2019-06-23,26.0,80.2,Monsoon,11.5,3.5,3130000,3175.0,2222.5,952.5
2019-06-24,25.4,84.7,Monsoon,12.9,5.0,3130000,3185.0,2229.5,955.5
2019-06-25,26.0,83.5,Monsoon,15.2,13.0,3130000,3360.0,2352.0,1008.0
2019-06-26,26.0,82.9,Monsoon,14.8,0.7,3130000,3340.0,2338.0,1002.0
2019-06-27,25.0,87.7,Monsoon,14.0,71.0,3130000,3200.0,2240.0,960.0
2019-06-28,23.7,93.1,Monsoon,5.2,40.0,3130000,2630.0,1841.0,789.0
2019-06-29,22.8,93.5,Monsoon,2.1,20.3,3130000,2385.0,1669.5,715.5
2019-06-30,23.3,92.2,Monsoon,4.7,6.7,3130000,2565.0,1795.5,769.5
2019-07-01,23.4,93.2,Monsoon,4.5,13.0,3130000,2565.0,1795.5,769.5
2019-07-02,23.8,90.1,Monsoon,7.8,12.2,3130000,2770.0,1939.0,831.0
2019-07-03,24.1,88.4,Monsoon,7.1,0.7,3130000,2765.0,1935.5,829.5
2019-07-04,24.7,87.3,Monsoon,12.0,0.2,3130000,3070.0,2149.0,921.0
2019-07-05,24.0,89.9,Monsoon,10.5,5.0,3130000,2925.0,2047.5,877.5
2019-07-06,23.6,91.7,Monsoon,7.1,27.0,3130000,2715.0,1900.5,814.5
2019-07-07,24.4,91.1,Monsoon,8.2,28.0,3130000,2850.0,1995.0,855.0
2019-07-08,24.0,92.9,Monsoon,13.2,31.0,3130000,3060.0,2142.0,918.0
2019-07-09,24.8,89.5,Monsoon,13.8,7.0,3130000,3170.0,2219.0,951.0
2019-07-10,23.7,93.3,Monsoon,8.9,23.0,3130000,2815.0,1970.5,844.5
2019-07-11,24.0,91.8,Monsoon,4.5,11.0,3130000,2625.0,1837.5,787.5
2019-07-12,24.8,86.8,Monsoon,12.7,0.2,3130000,3115.0,2180.5,934.5
2019-07-13,25.0,86.2,Monsoon,14.4,2.5,3130000,3220.0,2254.0,966.0
2019-07-14,24.9,85.8,Monsoon,15.9,1.0,3130000,3285.0,2299.5,985.5
2019-07-15,24.9,84.0,Monsoon,15.8,2.3,3130000,3280.0,2296.0,984.0
2019-07-16,25.2,82.5,Monsoon,15.6,0.1,3130000,3300.0,2310.0,990.0
2019-07-17,25.3,82.4,Monsoon,14.3,0.9,3130000,3245.0,2271.5,973.5
2019-07-18,25.7,82.4,Monsoon,15.0,1.4,3130000,3320.0,2324.0,996.0
2019-07-19,25.7,82.6,Monsoon,17.3,30.0,3130000,3435.0,2404.5,1030.5
2019-07-20,24.9,88.8,Monsoon,9.3,4.0,3130000,2955.0,2068.5,886.5
2019-07-21,25.9,84.8,Monsoon,17.0,0.1,3130000,3440.0,2408.0,1032.0
2019-07-22,26.3,83.9,Monsoon,13.7,0.1,3130000,3315.0,2320.5,994.5
2019-07-23,25.7,85.4,Monsoon,13.5,6.8,3130000,3245.0,2271.5,973.5
2019-07-24,24.8,87.5,Monsoon,8.9,0.2,3130000,2925.0,2047.5,877.5
2019-07-25,23.9,89.9,Monsoon,9.5,6.8,3130000,2865.0,2005.5,859.5
2019-07-26,23.2,92.9,Monsoon,5.4,49.0,3130000,2590.0,1813.0,777.0
2019-07-27,22.9,92.6,Monsoon,8.6,62.0,3130000,2720.0,1904.0,816.0
2019-07-28,23.4,89.9,Monsoon,5.4,0.5,3130000,2610.0,1827.0,783.0
2019-07-29,22.8,94.4,Monsoon,5.1,21.5,3130000,2535.0,1774.5,760.5
2019-07-30,22.6,94.9,Monsoon,2.4,33.0,3130000,2380.0,1666.0,714.0
2019-07-31,23.0,92.8,Monsoon,6.0,5.0,3130000,2600.0,1820.0,780.0
2019-08-01,23.5,91.5,Monsoon,7.7,11.0,3130000,2735.0,1914.5,820.5
2019-08-02,22.9,93.5,Monsoon,8.7,17.0,3130000,2725.0,1907.5,817.5
2019-08-03,22.8,93.5,Monsoon,4.6,29.0,3130000,2510.0,1757.0,753.0
2019-08-04,22.6,95.9,Monsoon,2.9,41.0,3130000,2405.0,1683.5,721.5
2019-08-05,22.9,96.1,Monsoon,3.4,40.0,3130000,2460.0,1722.0,738.0
2019-08-06,23.1,94.6,Monsoon,2.4,4.0,3130000,2430.0,1701.0,729.0
2019-08-07,23.1,94.2,Monsoon,5.8,9.0,3130000,2600.0,1820.0,780.0
2019-08-08,23.4,92.7,Monsoon,3.9,0.9,3130000,2535.0,1774.5,760.5
2019-08-09,23.4,92.4,Monsoon,3.4,0.7,3130000,2510.0,1757.0,753.0
2019-08-10,23.8,89.5,Monsoon,12.0,11.3,3130000,2980.0,2086.0,894.0
2019-08-11,23.4,91.0,Monsoon,13.2,3.4,3130000,3000.0,2100.0,900.0
2019-08-12,24.0,89.0,Monsoon,15.3,0.3,3130000,3165.0,2215.5,949.5
2019-08-13,24.2,87.8,Monsoon,13.0,0.6,3130000,3070.0,2149.0,921.0
2019-08-14,24.3,87.6,Monsoon,12.1,0.1,3130000,3035.0,2124.5,910.5
2019-08-15,23.9,88.8,Monsoon,12.0,0.3,3130000,2990.0,2093.0,897.0
2019-08-16,24.0,89.0,Monsoon,15.8,4.0,3130000,3190.0,2233.0,957.0
2019-08-17,24.4,85.6,Monsoon,15.7,0.2,3130000,3225.0,2257.5,967.5
2019-08-18,24.2,87.7,Monsoon,14.1,1.8,3130000,3125.0,2187.5,937.5
2019-08-19,24.8,84.3,Monsoon,15.5,0.9,3130000,3255.0,2278.5,976.5
2019-08-20,24.7,82.0,Monsoon,16.1,1.0,3130000,3275.0,2292.5,982.5
2019-08-21,24.2,85.0,Monsoon,16.2,0.2,3130000,3230.0,2261.0,969.0
2019-08-22,24.2,85.2,Monsoon,14.3,7.0,3130000,3135.0,2194.5,940.5
2019-08-23,24.0,85.5,Monsoon,14.2,2.0,3130000,3110.0,2177.0,933.0
2019-08-24,24.8,82.2,Monsoon,15.7,1.0,3130000,3265.0,2285.5,979.5
2019-08-25,24.4,81.1,Monsoon,16.6,1.1,3130000,3270.0,2289.0,981.0
2019-08-26,23.8,83.1,Monsoon,16.4,1.7,3130000,3200.0,2240.0,960.0
2019-08-27,23.7,83.1,Monsoon,16.2,3.0,3130000,3180.0,2226.0,954.0
2019-08-28,24.4,82.4,Monsoon,16.1,1.7,3130000,3245.0,2271.5,973.5
2019-08-29,25.0,83.7,Monsoon,14.3,1.0,3130000,3215.0,2250.5,964.5
2019-08-30,24.3,87.2,Monsoon,12.0,1.0,3130000,3030.0,2121.0,909.0
2019-08-31,24.1,88.2,Monsoon,11.1,0.2,3130000,2965.0,2075.5,889.5
2019-09-01,23.2,92.4,Monsoon,3.4,2.0,3130000,2490.0,1743.0,747.0
2019-09-02,23.6,89.1,Monsoon,5.3,0.5,3130000,2625.0,1837.5,787.5
2019-09-03,23.7,89.4,Monsoon,4.6,3.0,3130000,2600.0,1820.0,780.0
2019-09-04,23.4,92.0,Monsoon,6.9,12.3,3130000,2685.0,1879.5,805.5
2019-09-05,23.5,91.1,Monsoon,6.9,2.8,3130000,2695.0,1886.5,808.5
2019-09-06,23.3,92.1,Monsoon,9.3,3.0,3130000,2795.0,1956.5,838.5
2019-09-07,23.4,91.3,Monsoon,9.1,0.3,3130000,2795.0,1956.5,838.5
2019-09-08,23.5,93.3,Monsoon,5.4,5.7,3130000,2620.0,1834.0,786.0
2019-09-09,23.2,93.3,Monsoon,7.4,0.2,3130000,2690.0,1883.0,807.0
2019-09-10,23.4,90.8,Monsoon,9.8,3.4,3130000,2830.0,1981.0,849.0
2019-09-11,23.4,88.4,Monsoon,15.6,0.2,3130000,3120.0,2184.0,936.0
2019-09-12,23.5,89.1,Monsoon,8.5,1.0,3130000,2775.0,1942.5,832.5
2019-09-13,23.3,91.3,Monsoon,7.9,11.0,3130000,2725.0,1907.5,817.5
2019-09-14,23.8,89.2,Monsoon,11.0,3.0,3130000,2930.0,2051.0,879.0
2019-09-15,23.5,89.7,Monsoon,13.6,0.3,3130000,3030.0,2121.0,909.0
2019-09-16,23.7,88.0,Monsoon,13.9,0.1,3130000,3065.0,2145.5,919.5
2019-09-17,23.7,89.0,Monsoon,13.9,2.0,3130000,3065.0,2145.5,919.5
2019-09-18,23.9,91.3,Monsoon,11.0,8.0,3130000,2940.0,2058.0,882.0
2019-09-19,23.8,92.5,Monsoon,7.4,21.0,3130000,2750.0,1925.0,825.0
2019-09-20,23.9,89.0,Monsoon,12.8,0.6,3130000,3030.0,2121.0,909.0
2019-09-21,24.5,82.8,Monsoon,13.5,2.0,3130000,3125.0,2187.5,937.5
2019-09-22,25.1,81.3,Monsoon,16.0,0.8,3130000,3310.0,2317.0,993.0
2019-09-23,24.9,82.2,Monsoon,18.0,0.9,3130000,3390.0,2373.0,1017.0
2019-09-24,24.5,88.7,Monsoon,13.4,119.0,3130000,3120.0,2184.0,936.0
2019-09-25,24.4,90.1,Monsoon,11.8,66.0,3130000,3030.0,2121.0,909.0
2019-09-26,24.5,88.8,Monsoon,12.9,8.2,3130000,3095.0,2166.5,928.5
2019-09-27,24.1,86.1,Monsoon,12.7,16.8,3130000,3045.0,2131.5,913.5
2019-09-28,24.0,83.9,Monsoon,16.6,0.3,3130000,3230.0,2261.0,969.0
2019-09-29,24.2,82.1,Monsoon,18.4,0.1,3130000,3340.0,2338.0,1002.0
2019-09-30,24.5,81.9,Monsoon,18.5,0.9,3130000,3375.0,2362.5,1012.5
2019-10-01,24.7,81.9,Post-Monsoon,17.1,1.4,3130000,3325.0,2327.5,997.5
2019-10-02,24.8,80.7,Post-Monsoon,18.3,0.3,3130000,3395.0,2376.5,1018.5
2019-10-03,24.8,82.1,Post-Monsoon,18.4,0.4,3130000,3400.0,2380.0,1020.0
2019-10-04,24.1,86.0,Post-Monsoon,17.1,43.0,3130000,3265.0,2285.5,979.5
2019-10-05,23.9,86.1,Post-Monsoon,17.2,3.0,3130000,3250.0,2275.0,975.0
2019-10-06,23.8,86.6,Post-Monsoon,18.0,14.0,3130000,3280.0,2296.0,984.0
2019-10-07,24.5,84.8,Post-Monsoon,17.0,0.1,3130000,3300.0,2310.0,990.0
2019-10-08,25.0,82.6,Post-Monsoon,16.8,4.0,3130000,3340.0,2338.0,1002.0
2019-10-09,24.7,84.0,Post-Monsoon,15.2,27.0,3130000,3230.0,2261.0,969.0
2019-10-10,24.4,84.0,Post-Monsoon,17.4,7.0,3130000,3310.0,2317.0,993.0
2019-10-11,24.5,83.5,Post-Monsoon,15.9,4.1,3130000,3245.0,2271.5,973.5
2019-10-12,25.0,82.1,Post-Monsoon,17.2,5.3,3130000,3360.0,2352.0,1008.0
2019-10-13,25.0,83.8,Post-Monsoon,17.1,0.8,3130000,3355.0,2348.5,1006.5
2019-10-14,25.6,79.9,Post-Monsoon,18.3,2.6,3130000,3475.0,2432.5,1042.5
2019-10-15,25.2,72.6,Post-Monsoon,21.3,0.0,3130000,3585.0,2509.5,1075.5
2019-10-16,24.4,70.0,Post-Monsoon,21.4,0.0,3130000,3510.0,2457.0,1053.0
2019-10-17,24.4,72.6,Post-Monsoon,18.5,0.4,3130000,3365.0,2355.5,1009.5
2019-10-18,23.8,85.6,Post-Monsoon,7.9,0.3,3130000,2775.0,1942.5,832.5
2019-10-19,22.3,94.3,Post-Monsoon,5.0,31.0,3130000,2480.0,1736.0,744.0
2019-10-20,21.6,96.9,Post-Monsoon,4.3,21.0,3130000,2375.0,1662.5,712.5
2019-10-21,23.2,88.8,Post-Monsoon,9.9,0.1,3130000,2815.0,1970.5,844.5
2019-10-22,23.2,91.7,Post-Monsoon,6.4,54.9,3130000,2640.0,1848.0,792.0
2019-10-23,23.4,88.5,Post-Monsoon,6.0,4.0,3130000,2640.0,1848.0,792.0
2019-10-24,22.8,91.2,Post-Monsoon,4.9,2.0,3130000,2525.0,1767.5,757.5
2019-10-25,22.6,89.7,Post-Monsoon,8.5,0.4,3130000,2685.0,1879.5,805.5
2019-10-26,23.0,88.1,Post-Monsoon,5.3,0.5,3130000,2565.0,1795.5,769.5
2019-10-27,23.9,81.2,Post-Monsoon,14.6,0.1,3130000,3120.0,2184.0,936.0
2019-10-28,24.6,77.6,Post-Monsoon,17.2,5.0,3130000,3320.0,2324.0,996.0
2019-10-29,25.0,79.9,Post-Monsoon,15.8,0.4,3130000,3290.0,2303.0,987.0
2019-10-30,24.6,79.5,Post-Monsoon,17.3,0.2,3130000,3325.0,2327.5,997.5
2019-10-31,24.0,81.8,Post-Monsoon,13.7,6.8,3130000,3085.0,2159.5,925.5
2019-11-01,24.0,84.5,Post-Monsoon,13.0,2.0,3130000,3050.0,2135.0,915.0
2019-11-02,23.7,81.2,Post-Monsoon,15.9,0.1,3130000,3165.0,2215.5,949.5
2019-11-03,23.6,83.9,Post-Monsoon,15.1,52.0,3130000,3115.0,2180.5,934.5
2019-11-04,24.3,86.3,Post-Monsoon,15.2,31.0,3130000,3190.0,2233.0,957.0
2019-11-05,24.9,83.2,Post-Monsoon,16.1,1.8,3130000,3295.0,2306.5,988.5
2019-11-06,24.3,84.0,Post-Monsoon,15.3,8.0,3130000,3195.0,2236.5,958.5
2019-11-07,23.7,82.8,Post-Monsoon,16.2,0.3,3130000,3180.0,2226.0,954.0
2019-11-08,23.0,78.7,Post-Monsoon,16.3,0.0,3130000,3115.0,2180.5,934.5
2019-11-09,22.4,75.6,Post-Monsoon,20.1,0.0,3130000,3245.0,2271.5,973.5
2019-11-10,23.3,74.1,Post-Monsoon,17.5,0.0,3130000,3205.0,2243.5,961.5
2019-11-11,23.3,74.3,Post-Monsoon,18.7,0.0,3130000,3265.0,2285.5,979.5
2019-11-12,23.1,77.1,Post-Monsoon,16.4,0.0,3130000,3130.0,2191.0,939.0
2019-11-13,23.1,76.3,Post-Monsoon,16.0,0.0,3130000,3110.0,2177.0,933.0
2019-11-14,21.8,76.7,Post-Monsoon,16.3,0.0,3130000,2995.0,2096.5,898.5
2019-11-15,23.2,78.8,Post-Monsoon,14.2,0.0,3130000,3030.0,2121.0,909.0
2019-11-16,23.8,77.9,Post-Monsoon,15.4,0.0,3130000,3150.0,2205.0,945.0
2019-11-17,23.9,77.0,Post-Monsoon,15.9,0.1,3130000,3185.0,2229.5,955.5
2019-11-18,22.6,71.1,Post-Monsoon,18.8,0.0,3130000,3200.0,2240.0,960.0
2019-11-19,22.2,75.6,Post-Monsoon,18.7,0.0,3130000,3155.0,2208.5,946.5
2019-11-20,22.6,77.7,Post-Monsoon,17.6,0.0,3130000,3140.0,2198.0,942.0
2019-11-21,23.1,76.8,Post-Monsoon,16.2,0.0,3130000,3120.0,2184.0,936.0
2019-11-22,22.7,75.7,Post-Monsoon,16.3,0.0,3130000,3085.0,2159.5,925.5
2019-11-23,22.6,74.1,Post-Monsoon,18.6,0.0,3130000,3190.0,2233.0,957.0
2019-11-24,21.7,72.9,Post-Monsoon,18.5,0.0,3130000,3095.0,2166.5,928.5
2019-11-25,21.7,71.8,Post-Monsoon,18.9,0.0,3130000,3115.0,2180.5,934.5
2019-11-26,21.8,73.6,Post-Monsoon,18.5,0.0,3130000,3105.0,2173.5,931.5
2019-11-27,21.9,73.3,Post-Monsoon,18.5,0.0,3130000,3115.0,2180.5,934.5
2019-11-28,22.6,71.4,Post-Monsoon,17.4,0.0,3130000,3130.0,2191.0,939.0
2019-11-29,23.3,76.2,Post-Monsoon,14.6,0.4,3130000,3060.0,2142.0,918.0
2019-11-30,23.2,77.3,Post-Monsoon,16.2,0.0,3130000,3130.0,2191.0,939.0
2019-12-01,23.2,73.4,Winter,16.2,0.0,3130000,3130.0,2191.0,939.0
2019-12-02,23.0,73.2,Winter,15.5,0.3,3130000,3075.0,2152.5,922.5
2019-12-03,22.9,74.4,Winter,14.5,0.1,3130000,3015.0,2110.5,904.5
2019-12-04,23.2,73.4,Winter,11.4,0.0,3130000,2890.0,2023.0,867.0
2019-12-05,23.1,76.1,Winter,7.5,2.8,3130000,2685.0,1879.5,805.5
2019-12-06,22.7,68.5,Winter,16.0,0.0,3130000,3070.0,2149.0,921.0
2019-12-07,21.1,70.7,Winter,16.3,0.0,3130000,2925.0,2047.5,877.5
2019-12-08,21.3,72.9,Winter,15.1,0.0,3130000,2885.0,2019.5,865.5
2019-12-09,22.6,75.8,Winter,13.4,0.0,3130000,2930.0,2051.0,879.0
2019-12-10,22.4,77.3,Winter,13.4,0.0,3130000,2910.0,2037.0,873.0
2019-12-11,22.6,75.3,Winter,15.4,0.0,3130000,3030.0,2121.0,909.0
2019-12-12,22.7,75.4,Winter,15.4,0.0,3130000,3040.0,2128.0,912.0
2019-12-13,21.4,74.0,Winter,16.7,0.0,3130000,2975.0,2082.5,892.5
2019-12-14,20.8,74.6,Winter,16.4,0.0,3130000,2900.0,2030.0,870.0
2019-12-15,21.8,74.3,Winter,14.2,0.0,3130000,2890.0,2023.0,867.0
2019-12-16,21.6,74.9,Winter,15.5,0.0,3130000,2935.0,2054.5,880.5
2019-12-17,20.9,73.9,Winter,16.5,0.0,3130000,2915.0,2040.5,874.5
2019-12-18,20.7,73.9,Winter,17.6,0.0,3130000,2950.0,2065.0,885.0
2019-12-19,20.7,72.7,Winter,17.7,0.0,3130000,2955.0,2068.5,886.5
2019-12-20,20.7,74.3,Winter,17.0,0.0,3130000,2920.0,2044.0,876.0
2019-12-21,21.6,71.2,Winter,16.8,0.0,3130000,3000.0,2100.0,900.0
2019-12-22,22.2,71.1,Winter,13.6,0.0,3130000,2900.0,2030.0,870.0
2019-12-23,22.9,70.8,Winter,15.3,0.0,3130000,3055.0,2138.5,916.5
2019-12-24,22.8,75.0,Winter,13.4,0.0,3130000,2950.0,2065.0,885.0
2019-12-25,23.6,78.7,Winter,8.8,0.1,3130000,2800.0,1960.0,840.0
2019-12-26,22.8,84.4,Winter,10.3,5.9,3130000,2795.0,1956.5,838.5
2019-12-27,21.3,82.8,Winter,13.8,0.0,3130000,2820.0,1974.0,846.0
2019-12-28,20.4,79.8,Winter,12.6,0.0,3130000,2670.0,1869.0,801.0
2019-12-29,21.0,74.7,Winter,12.9,0.4,3130000,2745.0,1921.5,823.5
2019-12-30,21.1,76.2,Winter,16.1,0.1,3130000,2915.0,2040.5,874.5
2019-12-31,20.3,69.0,Winter,18.2,0.0,3130000,2940.0,2058.0,882.0
