Date,Temp (Â°C),Humidity (%),Season,Solar Energy (kWh),Precipitation (mm),Population,Total Usage (kWh),Urban Usage (kWh),Rural Usage (kWh),Urban Household (kWh),Urban Industrial (kWh),Urban Commercial (kWh),Urban Others (kWh),Rural Household (kWh),Rural Industrial (kWh),Rural Commercial (kWh),Rural Others (kWh)
2018-01-01,19.4,62.6,Winter,18.6,0.0,3130000,2870.0,2009.0,861.0,800.78,605.52,502.25,100.45,460.32,172.2,172.2,56.28
2018-01-02,19.4,64.0,Winter,18.7,0.0,3130000,2875.0,2012.5,862.5,622.69,786.06,503.12,100.62,437.34,172.5,172.5,80.16
2018-01-03,19.5,66.6,Winter,18.8,0.0,3130000,2890.0,2023.0,867.0,763.69,652.41,505.75,101.15,459.28,173.4,173.4,60.92
2018-01-04,20.1,66.6,Winter,18.4,0.0,3130000,2930.0,2051.0,879.0,703.65,732.05,512.75,102.55,482.84,175.8,175.8,44.56
2018-01-05,20.0,66.7,Winter,17.5,0.0,3130000,2875.0,2012.5,862.5,618.0,790.75,503.12,100.62,452.72,172.5,172.5,64.78
2018-01-06,19.8,62.6,Winter,18.3,0.0,3130000,2895.0,2026.5,868.5,743.25,675.3,506.62,101.32,437.42,173.7,173.7,83.68
2018-01-07,19.0,63.2,Winter,18.9,0.0,3130000,2845.0,1991.5,853.5,660.62,733.43,497.88,99.58,445.85,170.7,170.7,66.25
2018-01-08,19.0,63.3,Winter,18.9,0.0,3130000,2845.0,1991.5,853.5,681.58,712.47,497.88,99.58,427.79,170.7,170.7,84.31
2018-01-09,19.2,64.8,Winter,18.9,0.0,3130000,2865.0,2005.5,859.5,766.42,637.43,501.38,100.28,463.11,171.9,171.9,52.59
2018-01-10,20.0,65.3,Winter,18.4,0.0,3130000,2920.0,2044.0,876.0,666.29,764.51,511.0,102.2,447.71,175.2,175.2,77.89
2018-01-11,21.8,64.3,Winter,16.6,0.0,3130000,3010.0,2107.0,903.0,781.29,693.61,526.75,105.35,489.46,180.6,180.6,52.34
2018-01-12,23.0,64.7,Winter,15.3,0.0,3130000,3065.0,2145.5,919.5,854.76,647.09,536.38,107.28,469.29,183.9,183.9,82.41
2018-01-13,22.8,68.0,Winter,15.7,0.0,3130000,3065.0,2145.5,919.5,674.9,826.95,536.38,107.28,504.25,183.9,183.9,47.45
2018-01-14,23.0,66.2,Winter,14.5,0.0,3130000,3025.0,2117.5,907.5,809.85,672.4,529.38,105.88,464.54,181.5,181.5,79.96
2018-01-15,23.1,68.3,Winter,14.3,0.0,3130000,3025.0,2117.5,907.5,778.7,703.55,529.38,105.88,477.8,181.5,181.5,66.7
2018-01-16,23.3,65.1,Winter,15.6,0.0,3130000,3110.0,2177.0,933.0,812.58,711.32,544.25,108.85,505.07,186.6,186.6,54.73
2018-01-17,22.6,54.8,Winter,18.4,0.0,3130000,3180.0,2226.0,954.0,812.11,746.09,556.5,111.3,496.71,190.8,190.8,75.69
2018-01-18,21.3,58.7,Winter,18.8,0.0,3130000,3070.0,2149.0,921.0,680.64,823.66,537.25,107.45,502.54,184.2,184.2,50.06
2018-01-19,21.0,57.6,Winter,19.2,0.0,3130000,3060.0,2142.0,918.0,775.43,723.97,535.5,107.1,467.39,183.6,183.6,83.41
2018-01-20,20.6,56.6,Winter,20.2,0.0,3130000,3070.0,2149.0,921.0,702.38,801.92,537.25,107.45,494.96,184.2,184.2,57.64
2018-01-21,20.2,55.8,Winter,20.3,0.0,3130000,3035.0,2124.5,910.5,823.21,663.94,531.12,106.22,478.48,182.1,182.1,67.82
2018-01-22,20.7,57.8,Winter,20.1,0.0,3130000,3075.0,2152.5,922.5,665.02,841.73,538.12,107.62,479.19,184.5,184.5,74.31
2018-01-23,20.5,65.4,Winter,20.1,50.0,3130000,3055.0,2138.5,916.5,643.75,853.2,534.62,106.93,503.42,183.3,183.3,46.48
2018-01-24,19.2,68.1,Winter,20.4,0.0,3130000,2940.0,2058.0,882.0,630.03,810.57,514.5,102.9,465.13,176.4,176.4,64.07
2018-01-25,19.3,59.5,Winter,20.6,0.0,3130000,2960.0,2072.0,888.0,710.59,739.81,518.0,103.6,483.26,177.6,177.6,49.54
2018-01-26,19.5,56.6,Winter,20.9,0.0,3130000,2995.0,2096.5,898.5,688.61,778.94,524.12,104.82,474.45,179.7,179.7,64.65
2018-01-27,19.8,57.2,Winter,20.8,0.0,3130000,3020.0,2114.0,906.0,636.56,843.24,528.5,105.7,484.72,181.2,181.2,58.88
2018-01-28,20.7,56.6,Winter,20.6,0.0,3130000,3100.0,2170.0,930.0,740.37,778.63,542.5,108.5,509.35,186.0,186.0,48.65
2018-01-29,20.6,59.1,Winter,20.8,0.0,3130000,3100.0,2170.0,930.0,866.75,652.25,542.5,108.5,473.77,186.0,186.0,84.23
2018-01-30,21.0,53.3,Winter,21.1,0.0,3130000,3155.0,2208.5,946.5,708.73,837.22,552.12,110.43,482.23,189.3,189.3,85.67
2018-01-31,20.7,47.9,Winter,21.4,0.0,3130000,3140.0,2198.0,942.0,713.98,824.62,549.5,109.9,506.43,188.4,188.4,58.77
2018-02-01,20.5,48.0,Winter,21.4,0.0,3130000,3120.0,2184.0,936.0,688.24,840.56,546.0,109.2,491.05,187.2,187.2,70.55
2018-02-02,20.9,50.0,Winter,21.4,0.0,3130000,3160.0,2212.0,948.0,860.52,687.88,553.0,110.6,520.48,189.6,189.6,48.32
2018-02-03,21.6,51.7,Winter,21.2,0.0,3130000,3220.0,2254.0,966.0,836.21,741.59,563.5,112.7,516.01,193.2,193.2,63.59
2018-02-04,22.4,53.9,Winter,21.1,0.0,3130000,3295.0,2306.5,988.5,813.26,801.29,576.62,115.32,517.79,197.7,197.7,75.31
2018-02-05,22.3,55.0,Winter,21.1,0.0,3130000,3285.0,2299.5,985.5,769.07,840.58,574.88,114.98,501.57,197.1,197.1,89.73
2018-02-06,21.4,52.0,Winter,18.6,0.0,3130000,3070.0,2149.0,921.0,647.14,857.16,537.25,107.45,466.76,184.2,184.2,85.84
2018-02-07,21.6,58.1,Winter,11.7,0.0,3130000,2745.0,1921.5,823.5,687.7,657.35,480.38,96.08,450.47,164.7,164.7,43.63
2018-02-08,21.2,56.4,Winter,21.5,0.0,3130000,3195.0,2236.5,958.5,753.3,812.25,559.12,111.82,509.1,191.7,191.7,66.0
2018-02-09,20.7,57.1,Winter,21.5,0.0,3130000,3145.0,2201.5,943.5,812.05,729.0,550.38,110.08,517.12,188.7,188.7,48.98
2018-02-10,20.5,50.2,Winter,18.3,0.0,3130000,2965.0,2075.5,889.5,646.37,806.48,518.88,103.78,448.15,177.9,177.9,85.55
2018-02-11,21.2,57.8,Winter,19.9,0.1,3130000,3115.0,2180.5,934.5,722.7,803.65,545.12,109.02,495.4,186.9,186.9,65.3
2018-02-12,20.6,62.4,Winter,20.5,0.0,3130000,3085.0,2159.5,925.5,711.47,800.18,539.88,107.98,508.94,185.1,185.1,46.36
2018-02-13,20.8,56.2,Winter,22.2,0.0,3130000,3190.0,2233.0,957.0,799.1,764.0,558.25,111.65,513.82,191.4,191.4,60.38
2018-02-14,21.8,63.9,Winter,19.7,0.0,3130000,3165.0,2215.5,949.5,726.17,824.68,553.88,110.78,476.0,189.9,189.9,93.7
2018-02-15,23.5,59.4,Winter,20.2,0.0,3130000,3360.0,2352.0,1008.0,836.29,810.11,588.0,117.6,547.62,201.6,201.6,57.18
2018-02-16,23.3,60.3,Winter,17.8,0.0,3130000,3220.0,2254.0,966.0,736.13,841.67,563.5,112.7,503.03,193.2,193.2,76.57
2018-02-17,23.5,55.1,Winter,22.5,0.0,3130000,3475.0,2432.5,1042.5,858.13,844.62,608.12,121.62,526.27,208.5,208.5,99.23
2018-02-18,23.5,51.5,Winter,22.5,0.0,3130000,3475.0,2432.5,1042.5,776.12,926.63,608.12,121.62,549.6,208.5,208.5,75.9
2018-02-19,23.9,47.0,Winter,22.2,0.0,3130000,3500.0,2450.0,1050.0,818.21,896.79,612.5,122.5,553.59,210.0,210.0,76.41
2018-02-20,24.2,45.7,Winter,22.1,0.0,3130000,3525.0,2467.5,1057.5,854.82,872.43,616.88,123.38,538.59,211.5,211.5,95.91
2018-02-21,24.0,49.9,Winter,19.6,0.0,3130000,3380.0,2366.0,1014.0,868.01,788.19,591.5,118.3,511.73,202.8,202.8,96.67
2018-02-22,24.3,53.1,Winter,19.1,0.0,3130000,3385.0,2369.5,1015.5,837.95,820.7,592.38,118.48,525.21,203.1,203.1,84.09
2018-02-23,24.9,55.6,Winter,19.0,0.0,3130000,3440.0,2408.0,1032.0,915.44,770.16,602.0,120.4,543.87,206.4,206.4,75.33
2018-02-24,25.1,54.7,Winter,20.5,0.0,3130000,3535.0,2474.5,1060.5,780.38,951.77,618.62,123.72,547.11,212.1,212.1,89.19
2018-02-25,24.4,51.4,Winter,23.5,0.0,3130000,3615.0,2530.5,1084.5,838.2,933.15,632.62,126.52,550.12,216.9,216.9,100.58
2018-02-26,24.4,44.8,Winter,23.7,0.0,3130000,3625.0,2537.5,1087.5,923.78,852.47,634.38,126.88,566.63,217.5,217.5,85.87
2018-02-27,24.7,43.4,Winter,23.6,0.0,3130000,3650.0,2555.0,1095.0,803.47,985.03,638.75,127.75,596.71,219.0,219.0,60.29
2018-02-28,25.1,42.7,Winter,23.8,0.0,3130000,3700.0,2590.0,1110.0,915.28,897.72,647.5,129.5,606.56,222.0,222.0,59.44
2018-03-01,25.9,43.0,Summer,23.8,0.0,3130000,3780.0,2646.0,1134.0,820.46,1031.74,661.5,132.3,597.02,226.8,226.8,83.38
2018-03-02,26.1,47.2,Summer,22.9,0.0,3130000,3755.0,2628.5,1126.5,1048.07,791.88,657.12,131.43,583.29,225.3,225.3,92.61
2018-03-03,26.1,53.5,Summer,18.8,0.0,3130000,3550.0,2485.0,1065.0,810.61,928.89,621.25,124.25,575.56,213.0,213.0,63.44
2018-03-04,25.9,63.3,Summer,19.9,0.0,3130000,3585.0,2509.5,1075.5,762.43,994.22,627.38,125.48,577.12,215.1,215.1,68.18
2018-03-05,25.8,58.3,Summer,20.4,0.0,3130000,3600.0,2520.0,1080.0,977.32,786.68,630.0,126.0,540.25,216.0,216.0,107.75
2018-03-06,26.0,49.6,Summer,20.6,0.0,3130000,3630.0,2541.0,1089.0,771.47,1007.23,635.25,127.05,574.58,217.8,217.8,78.82
2018-03-07,26.4,52.9,Summer,19.8,0.0,3130000,3630.0,2541.0,1089.0,767.64,1011.06,635.25,127.05,590.82,217.8,217.8,62.58
2018-03-08,25.9,56.4,Summer,22.0,0.0,3130000,3690.0,2583.0,1107.0,842.21,965.89,645.75,129.15,608.78,221.4,221.4,55.42
2018-03-09,26.2,52.2,Summer,21.7,0.0,3130000,3705.0,2593.5,1111.5,970.84,844.61,648.38,129.68,564.74,222.3,222.3,102.16
2018-03-10,26.5,50.2,Summer,21.9,0.0,3130000,3745.0,2621.5,1123.5,1009.46,825.59,655.38,131.08,564.79,224.7,224.7,109.31
2018-03-11,27.5,44.6,Summer,21.6,0.0,3130000,3830.0,2681.0,1149.0,1045.03,831.67,670.25,134.05,595.47,229.8,229.8,93.93
2018-03-12,26.5,41.2,Summer,20.9,0.0,3130000,3695.0,2586.5,1108.5,863.92,946.63,646.62,129.33,608.99,221.7,221.7,56.11
2018-03-13,26.9,42.5,Summer,20.0,0.0,3130000,3690.0,2583.0,1107.0,978.26,829.84,645.75,129.15,588.95,221.4,221.4,75.25
2018-03-14,27.0,37.2,Summer,18.9,0.0,3130000,3645.0,2551.5,1093.5,909.86,876.19,637.88,127.58,577.48,218.7,218.7,78.62
2018-03-15,25.3,36.5,Summer,5.6,0.0,3130000,2810.0,1967.0,843.0,781.96,594.94,491.75,98.35,450.15,168.6,168.6,55.65
2018-03-16,24.3,48.6,Summer,15.9,0.1,3130000,3225.0,2257.5,967.5,822.01,758.24,564.38,112.88,483.89,193.5,193.5,96.61
2018-03-17,25.0,54.7,Summer,17.8,0.0,3130000,3390.0,2373.0,1017.0,903.08,758.02,593.25,118.65,540.05,203.4,203.4,70.15
2018-03-18,25.4,60.1,Summer,18.4,5.0,3130000,3460.0,2422.0,1038.0,934.76,760.64,605.5,121.1,521.75,207.6,207.6,101.05
2018-03-19,26.2,59.5,Summer,22.5,0.1,3130000,3745.0,2621.5,1123.5,828.81,1006.24,655.38,131.08,596.23,224.7,224.7,77.87
2018-03-20,25.9,50.8,Summer,25.5,0.0,3130000,3865.0,2705.5,1159.5,911.24,982.61,676.38,135.28,610.52,231.9,231.9,85.18
2018-03-21,25.2,51.0,Summer,25.9,0.0,3130000,3815.0,2670.5,1144.5,845.0,1024.35,667.62,133.52,611.62,228.9,228.9,75.08
2018-03-22,24.3,45.9,Summer,26.7,0.0,3130000,3765.0,2635.5,1129.5,873.63,971.22,658.88,131.78,581.39,225.9,225.9,96.31
2018-03-23,24.1,50.0,Summer,26.6,0.0,3130000,3740.0,2618.0,1122.0,984.58,848.02,654.5,130.9,587.63,224.4,224.4,85.57
2018-03-24,25.6,54.0,Summer,26.3,0.0,3130000,3875.0,2712.5,1162.5,867.39,1031.36,678.12,135.62,603.79,232.5,232.5,93.71
2018-03-25,26.7,44.5,Summer,26.1,0.0,3130000,3975.0,2782.5,1192.5,897.09,1050.66,695.62,139.12,647.31,238.5,238.5,68.19
2018-03-26,27.7,41.3,Summer,25.7,0.0,3130000,4055.0,2838.5,1216.5,972.2,1014.75,709.62,141.93,658.37,243.3,243.3,71.53
2018-03-27,28.3,48.9,Summer,25.9,0.0,3130000,4125.0,2887.5,1237.5,1006.49,1014.76,721.88,144.38,656.1,247.5,247.5,86.4
2018-03-28,27.1,54.7,Summer,25.9,0.0,3130000,4005.0,2803.5,1201.5,1062.16,900.29,700.88,140.18,625.69,240.3,240.3,95.21
2018-03-29,27.1,52.2,Summer,25.6,0.0,3130000,3990.0,2793.0,1197.0,1011.58,943.52,698.25,139.65,641.99,239.4,239.4,76.21
2018-03-30,27.0,51.5,Summer,26.5,0.0,3130000,4025.0,2817.5,1207.5,1074.97,897.28,704.38,140.88,618.26,241.5,241.5,106.24
2018-03-31,27.1,53.6,Summer,26.2,0.0,3130000,4020.0,2814.0,1206.0,888.74,1081.06,703.5,140.7,619.04,241.2,241.2,104.56
2018-04-01,27.0,51.4,Summer,26.8,0.0,3130000,4040.0,2828.0,1212.0,883.82,1095.78,707.0,141.4,660.7,242.4,242.4,66.5
2018-04-02,27.9,49.2,Summer,24.1,0.0,3130000,3995.0,2796.5,1198.5,1000.11,957.44,699.12,139.83,625.64,239.7,239.7,93.46
2018-04-03,27.8,48.7,Summer,25.4,0.0,3130000,4050.0,2835.0,1215.0,930.84,1053.66,708.75,141.75,629.47,243.0,243.0,99.53
2018-04-04,28.3,53.2,Summer,24.8,0.0,3130000,4070.0,2849.0,1221.0,999.8,994.5,712.25,142.45,656.92,244.2,244.2,75.68
2018-04-05,28.5,51.3,Summer,24.5,0.0,3130000,4075.0,2852.5,1222.5,858.21,1138.54,713.12,142.62,619.54,244.5,244.5,113.96
2018-04-06,27.3,51.2,Summer,18.3,0.1,3130000,3645.0,2551.5,1093.5,801.06,984.99,637.88,127.58,567.87,218.7,218.7,88.23
2018-04-07,28.1,50.9,Summer,24.0,2.6,3130000,4010.0,2807.0,1203.0,901.24,1063.66,701.75,140.35,626.49,240.6,240.6,95.31
2018-04-08,27.2,49.4,Summer,24.6,1.3,3130000,3950.0,2765.0,1185.0,1073.86,861.64,691.25,138.25,614.05,237.0,237.0,96.95
2018-04-09,27.3,41.3,Summer,23.7,0.0,3130000,3915.0,2740.5,1174.5,972.55,945.8,685.12,137.02,617.97,234.9,234.9,86.73
2018-04-10,27.6,41.7,Summer,23.4,0.0,3130000,3930.0,2751.0,1179.0,948.77,976.93,687.75,137.55,634.13,235.8,235.8,73.27
2018-04-11,27.2,50.5,Summer,23.4,0.0,3130000,3890.0,2723.0,1167.0,1047.31,858.79,680.75,136.15,599.69,233.4,233.4,100.51
2018-04-12,27.6,53.2,Summer,25.8,0.0,3130000,4050.0,2835.0,1215.0,1125.53,858.97,708.75,141.75,662.44,243.0,243.0,66.56
2018-04-13,28.1,51.8,Summer,26.4,0.0,3130000,4130.0,2891.0,1239.0,1128.22,895.48,722.75,144.55,642.19,247.8,247.8,101.21
2018-04-14,28.5,46.7,Summer,26.4,0.0,3130000,4170.0,2919.0,1251.0,1162.54,880.76,729.75,145.95,627.95,250.2,250.2,122.65
2018-04-15,28.4,55.5,Summer,23.0,0.1,3130000,3990.0,2793.0,1197.0,1112.92,842.18,698.25,139.65,622.97,239.4,239.4,95.23
2018-04-16,29.2,55.4,Summer,23.8,0.0,3130000,4110.0,2877.0,1233.0,920.49,1093.41,719.25,143.85,627.2,246.6,246.6,112.6
2018-04-17,29.1,62.3,Summer,21.8,0.8,3130000,4000.0,2800.0,1200.0,1109.78,850.22,700.0,140.0,643.98,240.0,240.0,76.02
2018-04-18,28.8,62.0,Summer,23.0,2.9,3130000,4030.0,2821.0,1209.0,865.9,1108.8,705.25,141.05,662.17,241.8,241.8,63.23
2018-04-19,29.9,46.4,Summer,27.0,0.0,3130000,4340.0,3038.0,1302.0,1114.26,1012.34,759.5,151.9,666.15,260.4,260.4,115.05
2018-04-20,28.4,45.8,Summer,27.0,0.0,3130000,4190.0,2933.0,1257.0,1002.65,1050.45,733.25,146.65,677.21,251.4,251.4,76.99
2018-04-21,28.8,49.5,Summer,26.9,0.2,3130000,4225.0,2957.5,1267.5,961.65,1108.6,739.38,147.88,677.71,253.5,253.5,82.79
2018-04-22,28.8,42.4,Summer,27.5,0.0,3130000,4255.0,2978.5,1276.5,1027.05,1057.9,744.62,148.93,655.5,255.3,255.3,110.4
2018-04-23,28.1,46.0,Summer,27.6,0.0,3130000,4190.0,2933.0,1257.0,1078.91,974.19,733.25,146.65,668.29,251.4,251.4,85.91
2018-04-24,29.0,47.9,Summer,28.2,0.0,3130000,4310.0,3017.0,1293.0,908.93,1202.97,754.25,150.85,692.38,258.6,258.6,83.42
2018-04-25,28.6,41.8,Summer,28.4,0.0,3130000,4280.0,2996.0,1284.0,1175.29,921.91,749.0,149.8,661.28,256.8,256.8,109.12
2018-04-26,28.0,45.7,Summer,28.0,0.0,3130000,4200.0,2940.0,1260.0,987.71,1070.29,735.0,147.0,658.31,252.0,252.0,97.69
2018-04-27,28.6,51.5,Summer,27.4,0.0,3130000,4230.0,2961.0,1269.0,1093.83,978.87,740.25,148.05,668.46,253.8,253.8,92.94
2018-04-28,29.4,56.2,Summer,25.5,0.0,3130000,4215.0,2950.5,1264.5,1014.29,1051.06,737.62,147.52,665.54,252.9,252.9,93.16
2018-04-29,29.0,57.7,Summer,26.5,0.0,3130000,4225.0,2957.5,1267.5,923.79,1146.46,739.38,147.88,695.12,253.5,253.5,65.38
2018-04-30,28.7,51.2,Summer,27.6,0.0,3130000,4250.0,2975.0,1275.0,1183.66,898.84,743.75,148.75,692.06,255.0,255.0,72.94
2018-05-01,28.9,54.4,Summer,26.4,0.0,3130000,4210.0,2947.0,1263.0,1021.3,1041.6,736.75,147.35,644.78,252.6,252.6,113.02
2018-05-02,28.8,51.4,Summer,27.9,0.0,3130000,4275.0,2992.5,1282.5,928.39,1166.36,748.12,149.62,643.71,256.5,256.5,125.79
2018-05-03,28.8,51.9,Summer,26.9,0.0,3130000,4225.0,2957.5,1267.5,1052.66,1017.59,739.38,147.88,661.62,253.5,253.5,98.88
2018-05-04,29.1,48.1,Summer,27.7,0.0,3130000,4295.0,3006.5,1288.5,1077.49,1027.06,751.62,150.33,656.07,257.7,257.7,117.03
2018-05-05,29.3,55.0,Summer,26.9,0.0,3130000,4275.0,2992.5,1282.5,1191.51,903.24,748.12,149.62,690.54,256.5,256.5,78.96
2018-05-06,29.6,59.3,Summer,24.8,0.2,3130000,4200.0,2940.0,1260.0,985.11,1072.89,735.0,147.0,664.37,252.0,252.0,91.63
2018-05-07,29.1,57.0,Summer,25.3,0.0,3130000,4175.0,2922.5,1252.5,1073.65,972.1,730.62,146.12,640.0,250.5,250.5,111.5
2018-05-08,29.1,49.6,Summer,27.0,0.0,3130000,4260.0,2982.0,1278.0,1122.16,965.24,745.5,149.1,678.6,255.6,255.6,88.2
2018-05-09,30.0,52.5,Summer,27.1,0.0,3130000,4355.0,3048.5,1306.5,958.4,1175.55,762.12,152.43,696.29,261.3,261.3,87.61
2018-05-10,30.0,57.0,Summer,25.1,0.4,3130000,4255.0,2978.5,1276.5,1044.0,1040.95,744.62,148.93,675.72,255.3,255.3,90.18
2018-05-11,29.9,60.9,Summer,24.9,0.0,3130000,4235.0,2964.5,1270.5,1046.58,1028.57,741.12,148.22,650.8,254.1,254.1,111.5
2018-05-12,29.2,57.1,Summer,25.6,0.7,3130000,4200.0,2940.0,1260.0,892.32,1165.68,735.0,147.0,640.08,252.0,252.0,115.92
2018-05-13,28.9,53.0,Summer,23.7,4.0,3130000,4075.0,2852.5,1222.5,863.21,1133.54,713.12,142.62,628.38,244.5,244.5,105.12
2018-05-14,28.9,63.2,Summer,24.8,0.0,3130000,4130.0,2891.0,1239.0,1068.76,954.94,722.75,144.55,675.89,247.8,247.8,67.51
2018-05-15,28.6,62.6,Summer,26.2,0.9,3130000,4170.0,2919.0,1251.0,1117.9,925.4,729.75,145.95,661.21,250.2,250.2,89.39
2018-05-16,29.4,59.8,Summer,24.5,1.5,3130000,4165.0,2915.5,1249.5,1150.1,890.75,728.88,145.78,673.03,249.9,249.9,76.67
2018-05-17,30.2,59.9,Summer,24.9,0.0,3130000,4265.0,2985.5,1279.5,1090.5,999.35,746.38,149.28,671.54,255.9,255.9,96.16
2018-05-18,29.1,66.6,Summer,24.0,0.3,3130000,4110.0,2877.0,1233.0,894.62,1119.28,719.25,143.85,668.91,246.6,246.6,70.89
2018-05-19,29.3,60.8,Summer,26.7,0.1,3130000,4265.0,2985.5,1279.5,1093.61,996.24,746.38,149.28,670.56,255.9,255.9,97.14
2018-05-20,28.7,61.0,Summer,26.3,0.0,3130000,4185.0,2929.5,1255.5,1085.74,964.91,732.38,146.48,667.05,251.1,251.1,86.25
2018-05-21,28.7,63.0,Summer,25.0,0.7,3130000,4120.0,2884.0,1236.0,1046.39,972.41,721.0,144.2,661.16,247.2,247.2,80.44
2018-05-22,28.7,55.3,Summer,24.7,0.0,3130000,4105.0,2873.5,1231.5,927.3,1084.15,718.38,143.68,653.38,246.3,246.3,85.52
2018-05-23,29.2,54.4,Summer,25.0,0.0,3130000,4170.0,2919.0,1251.0,1004.33,1038.97,729.75,145.95,647.36,250.2,250.2,103.24
2018-05-24,28.4,63.6,Summer,24.2,0.0,3130000,4050.0,2835.0,1215.0,884.08,1100.42,708.75,141.75,622.68,243.0,243.0,106.32
2018-05-25,28.9,63.6,Summer,25.1,0.3,3130000,4145.0,2901.5,1243.5,1019.58,1011.47,725.38,145.08,641.78,248.7,248.7,104.32
2018-05-26,30.0,63.6,Summer,24.9,0.2,3130000,4245.0,2971.5,1273.5,1143.91,936.14,742.88,148.58,671.02,254.7,254.7,93.08
2018-05-27,30.3,65.4,Summer,23.3,2.3,3130000,4195.0,2936.5,1258.5,1053.13,1002.42,734.12,146.83,679.7,251.7,251.7,75.4
2018-05-28,29.2,68.9,Summer,22.2,0.8,3130000,4030.0,2821.0,1209.0,1039.75,934.95,705.25,141.05,613.25,241.8,241.8,112.15
2018-05-29,28.5,68.0,Summer,21.9,0.0,3130000,3945.0,2761.5,1183.5,939.7,993.35,690.38,138.08,592.41,236.7,236.7,117.69
2018-05-30,28.7,66.6,Summer,24.0,0.0,3130000,4070.0,2849.0,1221.0,1018.42,975.88,712.25,142.45,645.41,244.2,244.2,87.19
2018-05-31,29.3,66.8,Summer,22.3,0.2,3130000,4045.0,2831.5,1213.5,1087.17,894.88,707.88,141.58,648.6,242.7,242.7,79.5
2018-06-01,28.0,73.1,Monsoon,22.1,25.0,3130000,3905.0,2733.5,1171.5,980.46,932.99,683.38,136.68,610.68,234.3,234.3,92.22
2018-06-02,26.9,78.6,Monsoon,17.6,11.0,3130000,3570.0,2499.0,1071.0,915.31,833.99,624.75,124.95,554.25,214.2,214.2,88.35
2018-06-03,26.6,77.8,Monsoon,13.6,2.4,3130000,3340.0,2338.0,1002.0,724.97,911.63,584.5,116.9,507.12,200.4,200.4,94.08
2018-06-04,27.1,74.8,Monsoon,17.7,4.4,3130000,3595.0,2516.5,1078.5,1006.41,755.14,629.12,125.82,547.57,215.7,215.7,99.53
2018-06-05,27.5,73.3,Monsoon,16.7,1.6,3130000,3585.0,2509.5,1075.5,824.17,932.48,627.38,125.48,571.35,215.1,215.1,73.95
2018-06-06,27.0,78.6,Monsoon,15.4,19.0,3130000,3470.0,2429.0,1041.0,869.21,831.09,607.25,121.45,563.55,208.2,208.2,61.05
2018-06-07,26.1,85.0,Monsoon,11.8,6.8,3130000,3200.0,2240.0,960.0,738.32,829.68,560.0,112.0,498.79,192.0,192.0,77.21
2018-06-08,26.1,83.8,Monsoon,13.1,3.0,3130000,3265.0,2285.5,979.5,802.52,797.33,571.38,114.28,535.26,195.9,195.9,52.44
2018-06-09,25.1,87.3,Monsoon,9.0,5.7,3130000,2960.0,2072.0,888.0,721.83,728.57,518.0,103.6,474.49,177.6,177.6,58.31
2018-06-10,25.6,84.1,Monsoon,16.6,0.4,3130000,3390.0,2373.0,1017.0,861.87,799.23,593.25,118.65,519.1,203.4,203.4,91.1
2018-06-11,26.9,82.2,Monsoon,17.5,0.6,3130000,3565.0,2495.5,1069.5,856.16,890.69,623.88,124.78,582.43,213.9,213.9,59.27
2018-06-12,27.2,75.4,Monsoon,18.9,1.5,3130000,3665.0,2565.5,1099.5,791.51,1004.34,641.38,128.28,552.06,219.9,219.9,107.64
2018-06-13,27.2,75.0,Monsoon,18.4,1.3,3130000,3640.0,2548.0,1092.0,997.54,786.06,637.0,127.4,600.34,218.4,218.4,54.86
2018-06-14,27.4,75.0,Monsoon,19.8,0.5,3130000,3730.0,2611.0,1119.0,1024.45,803.25,652.75,130.55,600.44,223.8,223.8,70.96
2018-06-15,26.9,74.2,Monsoon,16.6,1.1,3130000,3520.0,2464.0,1056.0,931.25,793.55,616.0,123.2,572.59,211.2,211.2,61.01
2018-06-16,25.6,76.2,Monsoon,16.1,0.5,3130000,3365.0,2355.5,1009.5,912.75,736.1,588.88,117.78,542.52,201.9,201.9,63.18
2018-06-17,24.0,84.6,Monsoon,11.5,5.0,3130000,2975.0,2082.5,892.5,705.4,752.35,520.62,104.12,467.91,178.5,178.5,67.59
2018-06-18,24.1,86.1,Monsoon,7.1,13.7,3130000,2765.0,1935.5,829.5,717.26,637.59,483.88,96.78,424.53,165.9,165.9,73.17
2018-06-19,25.5,81.2,Monsoon,14.4,1.7,3130000,3270.0,2289.0,981.0,861.79,740.51,572.25,114.45,494.45,196.2,196.2,94.15
2018-06-20,26.7,78.6,Monsoon,19.1,0.3,3130000,3625.0,2537.5,1087.5,781.85,994.4,634.38,126.88,566.46,217.5,217.5,86.04
2018-06-21,25.1,86.2,Monsoon,11.9,65.0,3130000,3105.0,2173.5,931.5,749.08,772.37,543.38,108.68,483.39,186.3,186.3,75.51
2018-06-22,24.8,87.3,Monsoon,8.1,0.1,3130000,2885.0,2019.5,865.5,665.36,748.29,504.88,100.98,460.61,173.1,173.1,58.69
2018-06-23,23.8,88.4,Monsoon,5.6,0.5,3130000,2660.0,1862.0,798.0,660.72,642.68,465.5,93.1,407.3,159.6,159.6,71.5
2018-06-24,23.6,88.4,Monsoon,7.8,7.5,3130000,2750.0,1925.0,825.0,693.68,653.82,481.25,96.25,419.96,165.0,165.0,75.04
2018-06-25,23.2,91.4,Monsoon,7.9,1.1,3130000,2715.0,1900.5,814.5,643.8,686.55,475.12,95.02,420.52,162.9,162.9,68.18
2018-06-26,24.2,88.3,Monsoon,10.7,9.1,3130000,2955.0,2068.5,886.5,701.25,746.7,517.12,103.43,469.6,177.3,177.3,62.3
2018-06-27,25.3,82.5,Monsoon,16.4,2.4,3130000,3350.0,2345.0,1005.0,840.08,801.42,586.25,117.25,530.22,201.0,201.0,72.78
2018-06-28,24.6,85.4,Monsoon,11.6,0.3,3130000,3040.0,2128.0,912.0,730.5,759.1,532.0,106.4,484.02,182.4,182.4,63.18
2018-06-29,24.8,83.8,Monsoon,14.9,1.1,3130000,3225.0,2257.5,967.5,787.21,793.04,564.38,112.88,504.87,193.5,193.5,75.63
2018-06-30,24.8,80.9,Monsoon,16.3,1.8,3130000,3295.0,2306.5,988.5,729.3,885.25,576.62,115.32,511.32,197.7,197.7,81.78
2018-07-01,25.4,78.2,Monsoon,15.7,2.0,3130000,3325.0,2327.5,997.5,732.45,896.8,581.88,116.38,526.06,199.5,199.5,72.44
2018-07-02,24.2,85.5,Monsoon,10.6,0.4,3130000,2950.0,2065.0,885.0,769.45,676.05,516.25,103.25,465.56,177.0,177.0,65.44
2018-07-03,23.7,88.8,Monsoon,5.6,0.2,3130000,2650.0,1855.0,795.0,630.34,668.16,463.75,92.75,432.26,159.0,159.0,44.74
2018-07-04,23.7,89.2,Monsoon,10.1,6.0,3130000,2875.0,2012.5,862.5,661.72,747.03,503.12,100.62,447.74,172.5,172.5,69.76
2018-07-05,23.6,91.9,Monsoon,8.6,29.0,3130000,2790.0,1953.0,837.0,604.75,762.35,488.25,97.65,428.28,167.4,167.4,73.92
2018-07-06,24.5,87.2,Monsoon,11.6,0.2,3130000,3030.0,2121.0,909.0,710.46,774.24,530.25,106.05,470.64,181.8,181.8,74.76
2018-07-07,23.7,91.7,Monsoon,4.2,3.0,3130000,2580.0,1806.0,774.0,589.41,674.79,451.5,90.3,394.14,154.8,154.8,70.26
2018-07-08,23.2,90.7,Monsoon,6.4,5.0,3130000,2640.0,1848.0,792.0,587.99,705.61,462.0,92.4,427.72,158.4,158.4,47.48
2018-07-09,23.3,92.0,Monsoon,4.1,3.0,3130000,2535.0,1774.5,760.5,533.17,708.98,443.62,88.72,388.39,152.1,152.1,67.91
2018-07-10,23.2,91.9,Monsoon,4.4,3.0,3130000,2540.0,1778.0,762.0,707.26,537.34,444.5,88.9,389.41,152.4,152.4,67.79
2018-07-11,23.7,90.1,Monsoon,7.8,0.2,3130000,2760.0,1932.0,828.0,749.8,602.6,483.0,96.6,449.34,165.6,165.6,47.46
2018-07-12,23.2,91.8,Monsoon,6.8,3.0,3130000,2660.0,1862.0,798.0,570.55,732.85,465.5,93.1,431.9,159.6,159.6,46.9
2018-07-13,23.4,90.6,Monsoon,7.2,0.2,3130000,2700.0,1890.0,810.0,661.63,661.37,472.5,94.5,405.55,162.0,162.0,80.45
2018-07-14,23.8,90.3,Monsoon,9.5,3.0,3130000,2855.0,1998.5,856.5,765.19,633.76,499.62,99.93,436.08,171.3,171.3,77.82
2018-07-15,23.3,93.4,Monsoon,7.0,9.0,3130000,2680.0,1876.0,804.0,593.28,719.92,469.0,93.8,404.24,160.8,160.8,78.16
2018-07-16,22.6,95.2,Monsoon,4.5,64.0,3130000,2485.0,1739.5,745.5,545.02,672.63,434.88,86.98,379.6,149.1,149.1,67.7
2018-07-17,23.2,92.8,Monsoon,6.7,9.0,3130000,2655.0,1858.5,796.5,733.02,567.93,464.62,92.93,409.61,159.3,159.3,68.29
2018-07-18,23.4,90.1,Monsoon,13.8,3.3,3130000,3030.0,2121.0,909.0,766.47,718.23,530.25,106.05,493.0,181.8,181.8,52.4
2018-07-19,23.6,89.3,Monsoon,14.4,0.2,3130000,3080.0,2156.0,924.0,684.86,824.34,539.0,107.8,505.22,184.8,184.8,49.18
2018-07-20,23.3,90.8,Monsoon,11.0,0.1,3130000,2880.0,2016.0,864.0,672.15,739.05,504.0,100.8,471.1,172.8,172.8,47.3
2018-07-21,23.2,91.1,Monsoon,10.3,5.2,3130000,2835.0,1984.5,850.5,638.68,750.47,496.12,99.22,437.09,170.1,170.1,73.21
2018-07-22,23.1,90.9,Monsoon,10.4,2.7,3130000,2830.0,1981.0,849.0,712.0,674.7,495.25,99.05,458.33,169.8,169.8,51.07
2018-07-23,23.3,89.9,Monsoon,10.6,3.4,3130000,2860.0,2002.0,858.0,783.67,617.73,500.5,100.1,468.17,171.6,171.6,46.63
2018-07-24,23.3,90.5,Monsoon,4.7,0.6,3130000,2565.0,1795.5,769.5,610.32,646.53,448.88,89.78,398.95,153.9,153.9,62.75
2018-07-25,23.6,86.6,Monsoon,15.7,0.4,3130000,3145.0,2201.5,943.5,797.21,743.84,550.38,110.08,505.69,188.7,188.7,60.41
2018-07-26,23.4,88.0,Monsoon,6.6,0.1,3130000,2670.0,1869.0,801.0,588.94,719.36,467.25,93.45,436.01,160.2,160.2,44.59
2018-07-27,23.3,88.2,Monsoon,9.5,1.9,3130000,2805.0,1963.5,841.5,654.86,719.59,490.88,98.18,423.71,168.3,168.3,81.19
2018-07-28,24.3,84.7,Monsoon,15.3,2.5,3130000,3195.0,2236.5,958.5,841.01,724.54,559.12,111.82,499.42,191.7,191.7,75.68
2018-07-29,24.7,81.2,Monsoon,15.9,1.8,3130000,3265.0,2285.5,979.5,798.8,801.05,571.38,114.28,537.86,195.9,195.9,49.84
2018-07-30,24.3,82.8,Monsoon,16.6,0.2,3130000,3260.0,2282.0,978.0,703.85,893.55,570.5,114.1,534.04,195.6,195.6,52.76
2018-07-31,24.2,83.2,Monsoon,16.3,0.2,3130000,3235.0,2264.5,970.5,819.58,765.57,566.12,113.22,488.19,194.1,194.1,94.11
2018-08-01,24.1,85.1,Monsoon,14.5,0.3,3130000,3135.0,2194.5,940.5,830.07,706.08,548.62,109.72,488.62,188.1,188.1,75.68
2018-08-02,24.0,87.1,Monsoon,14.2,3.0,3130000,3110.0,2177.0,933.0,842.61,681.29,544.25,108.85,474.86,186.6,186.6,84.94
2018-08-03,24.1,86.0,Monsoon,12.8,0.1,3130000,3050.0,2135.0,915.0,674.84,819.66,533.75,106.75,502.02,183.0,183.0,46.98
2018-08-04,23.4,88.7,Monsoon,10.9,4.0,3130000,2885.0,2019.5,865.5,716.78,696.87,504.88,100.98,469.65,173.1,173.1,49.65
2018-08-05,23.8,84.1,Monsoon,16.7,0.2,3130000,3215.0,2250.5,964.5,872.97,702.38,562.62,112.52,525.42,192.9,192.9,53.28
2018-08-06,23.4,85.8,Monsoon,15.6,0.3,3130000,3120.0,2184.0,936.0,756.07,772.73,546.0,109.2,512.51,187.2,187.2,49.09
2018-08-07,23.3,86.3,Monsoon,13.2,0.1,3130000,2990.0,2093.0,897.0,728.03,737.07,523.25,104.65,488.63,179.4,179.4,49.57
2018-08-08,23.4,88.2,Monsoon,6.4,0.4,3130000,2660.0,1862.0,798.0,663.88,639.52,465.5,93.1,424.87,159.6,159.6,53.93
2018-08-09,23.6,87.8,Monsoon,8.9,0.3,3130000,2805.0,1963.5,841.5,600.47,773.98,490.88,98.18,457.67,168.3,168.3,47.23
2018-08-10,23.9,86.8,Monsoon,14.0,0.1,3130000,3090.0,2163.0,927.0,715.79,798.31,540.75,108.15,492.29,185.4,185.4,63.91
2018-08-11,23.4,90.4,Monsoon,10.0,0.2,3130000,2840.0,1988.0,852.0,611.83,779.77,497.0,99.4,466.47,170.4,170.4,44.73
2018-08-12,22.7,90.7,Monsoon,12.9,3.1,3130000,2915.0,2040.5,874.5,639.34,789.01,510.12,102.02,442.14,174.9,174.9,82.56
2018-08-13,22.6,93.5,Monsoon,5.2,4.7,3130000,2520.0,1764.0,756.0,599.44,635.36,441.0,88.2,382.94,151.2,151.2,70.66
2018-08-14,23.4,91.6,Monsoon,12.1,3.1,3130000,2945.0,2061.5,883.5,775.08,667.97,515.38,103.08,458.7,176.7,176.7,71.4
2018-08-15,23.2,90.7,Monsoon,10.2,2.5,3130000,2830.0,1981.0,849.0,675.93,710.77,495.25,99.05,436.66,169.8,169.8,72.74
2018-08-16,22.5,93.9,Monsoon,3.1,1.1,3130000,2405.0,1683.5,721.5,532.56,645.89,420.88,84.18,374.02,144.3,144.3,58.88
2018-08-17,22.8,92.5,Monsoon,5.5,9.0,3130000,2555.0,1788.5,766.5,671.71,580.24,447.12,89.43,399.24,153.3,153.3,60.66
2018-08-18,22.9,91.6,Monsoon,9.3,0.1,3130000,2755.0,1928.5,826.5,625.38,724.57,482.12,96.43,418.13,165.3,165.3,77.77
2018-08-19,23.2,89.4,Monsoon,12.0,4.0,3130000,2920.0,2044.0,876.0,707.28,723.52,511.0,102.2,448.42,175.2,175.2,77.18
2018-08-20,22.7,91.2,Monsoon,9.8,3.6,3130000,2760.0,1932.0,828.0,585.96,766.44,483.0,96.6,443.47,165.6,165.6,53.33
2018-08-21,21.9,95.6,Monsoon,3.5,14.4,3130000,2365.0,1655.5,709.5,530.62,628.23,413.88,82.78,387.1,141.9,141.9,38.6
2018-08-22,22.5,92.7,Monsoon,6.8,3.0,3130000,2590.0,1813.0,777.0,706.54,562.56,453.25,90.65,391.38,155.4,155.4,74.82
2018-08-23,23.1,89.5,Monsoon,14.2,0.1,3130000,3020.0,2114.0,906.0,797.11,682.69,528.5,105.7,483.63,181.2,181.2,59.97
2018-08-24,23.0,89.9,Monsoon,14.4,0.3,3130000,3020.0,2114.0,906.0,841.51,638.29,528.5,105.7,494.8,181.2,181.2,48.8
2018-08-25,22.8,90.7,Monsoon,13.0,7.7,3130000,2930.0,2051.0,879.0,641.02,794.68,512.75,102.55,452.87,175.8,175.8,74.53
2018-08-26,22.6,90.3,Monsoon,10.7,6.0,3130000,2795.0,1956.5,838.5,773.62,595.93,489.12,97.82,441.33,167.7,167.7,61.77
2018-08-27,22.5,91.0,Monsoon,5.1,3.2,3130000,2505.0,1753.5,751.5,627.75,599.7,438.38,87.68,385.72,150.3,150.3,65.18
2018-08-28,22.6,91.1,Monsoon,6.7,3.0,3130000,2595.0,1816.5,778.5,610.23,661.32,454.12,90.82,394.05,155.7,155.7,73.05
2018-08-29,23.5,87.2,Monsoon,12.8,0.2,3130000,2990.0,2093.0,897.0,820.16,644.94,523.25,104.65,478.19,179.4,179.4,60.01
2018-08-30,23.6,85.5,Monsoon,15.9,2.6,3130000,3155.0,2208.5,946.5,851.0,694.95,552.12,110.43,493.56,189.3,189.3,74.34
2018-08-31,23.6,84.5,Monsoon,15.2,2.3,3130000,3120.0,2184.0,936.0,809.49,719.31,546.0,109.2,468.38,187.2,187.2,93.22
2018-09-01,23.5,85.9,Monsoon,13.9,1.5,3130000,3045.0,2131.5,913.5,823.78,668.27,532.88,106.58,499.27,182.7,182.7,48.83
2018-09-02,22.9,89.6,Monsoon,13.7,3.0,3130000,2975.0,2082.5,892.5,634.16,823.59,520.62,104.12,477.16,178.5,178.5,58.34
2018-09-03,23.1,87.9,Monsoon,14.7,3.1,3130000,3045.0,2131.5,913.5,827.5,664.55,532.88,106.58,486.72,182.7,182.7,61.38
2018-09-04,22.9,86.3,Monsoon,16.3,1.6,3130000,3105.0,2173.5,931.5,684.99,836.46,543.38,108.68,499.64,186.3,186.3,59.26
2018-09-05,23.2,82.8,Monsoon,17.6,0.6,3130000,3200.0,2240.0,960.0,810.99,757.01,560.0,112.0,519.28,192.0,192.0,56.72
2018-09-06,23.5,80.8,Monsoon,17.1,1.8,3130000,3205.0,2243.5,961.5,822.27,748.18,560.88,112.18,487.5,192.3,192.3,89.4
2018-09-07,22.7,84.6,Monsoon,15.9,0.4,3130000,3065.0,2145.5,919.5,782.53,719.32,536.38,107.28,481.33,183.9,183.9,70.37
2018-09-08,22.9,80.5,Monsoon,17.5,0.7,3130000,3165.0,2215.5,949.5,669.03,881.82,553.88,110.78,498.32,189.9,189.9,71.38
2018-09-09,23.2,79.2,Monsoon,17.9,0.2,3130000,3215.0,2250.5,964.5,704.97,870.38,562.62,112.52,508.08,192.9,192.9,70.62
2018-09-10,23.7,78.6,Monsoon,18.3,0.3,3130000,3285.0,2299.5,985.5,903.62,706.03,574.88,114.98,519.36,197.1,197.1,71.94
2018-09-11,24.1,79.0,Monsoon,19.9,0.3,3130000,3405.0,2383.5,1021.5,734.26,934.19,595.88,119.18,529.57,204.3,204.3,83.33
2018-09-12,23.6,78.5,Monsoon,19.7,0.0,3130000,3345.0,2341.5,1003.5,751.35,887.7,585.38,117.08,511.62,200.7,200.7,90.48
2018-09-13,23.3,78.7,Monsoon,19.1,0.1,3130000,3285.0,2299.5,985.5,717.87,891.78,574.88,114.98,524.9,197.1,197.1,66.4
2018-09-14,23.5,80.7,Monsoon,17.9,1.3,3130000,3245.0,2271.5,973.5,745.37,844.68,567.88,113.58,522.62,194.7,194.7,61.48
2018-09-15,24.4,81.1,Monsoon,18.3,0.2,3130000,3355.0,2348.5,1006.5,800.32,843.63,587.12,117.43,534.92,201.3,201.3,68.98
2018-09-16,24.4,81.2,Monsoon,19.6,1.0,3130000,3420.0,2394.0,1026.0,897.27,778.53,598.5,119.7,535.96,205.2,205.2,79.64
2018-09-17,24.3,78.3,Monsoon,19.8,0.3,3130000,3420.0,2394.0,1026.0,914.83,760.97,598.5,119.7,524.72,205.2,205.2,90.88
2018-09-18,23.7,80.5,Monsoon,17.6,0.7,3130000,3250.0,2275.0,975.0,732.5,860.0,568.75,113.75,506.36,195.0,195.0,78.64
2018-09-19,23.0,87.3,Monsoon,13.7,1.8,3130000,2985.0,2089.5,895.5,806.13,656.52,522.38,104.48,485.66,179.1,179.1,51.64
2018-09-20,23.6,86.2,Monsoon,14.7,11.0,3130000,3095.0,2166.5,928.5,771.86,744.69,541.62,108.32,504.05,185.7,185.7,53.05
2018-09-21,24.5,85.9,Monsoon,10.0,1.0,3130000,2950.0,2065.0,885.0,687.72,757.78,516.25,103.25,444.41,177.0,177.0,86.59
2018-09-22,24.4,83.3,Monsoon,12.2,0.3,3130000,3050.0,2135.0,915.0,779.8,714.7,533.75,106.75,470.32,183.0,183.0,78.68
2018-09-23,24.6,80.6,Monsoon,17.6,0.5,3130000,3340.0,2338.0,1002.0,916.08,720.52,584.5,116.9,501.85,200.4,200.4,99.35
2018-09-24,25.0,82.5,Monsoon,16.1,1.1,3130000,3305.0,2313.5,991.5,826.22,793.23,578.38,115.68,518.83,198.3,198.3,76.07
2018-09-25,25.4,81.3,Monsoon,18.4,2.4,3130000,3460.0,2422.0,1038.0,845.72,849.68,605.5,121.1,522.58,207.6,207.6,100.22
2018-09-26,25.8,81.5,Monsoon,19.1,2.0,3130000,3535.0,2474.5,1060.5,764.8,967.35,618.62,123.72,548.54,212.1,212.1,87.76
2018-09-27,25.9,80.9,Monsoon,16.8,0.8,3130000,3430.0,2401.0,1029.0,895.45,785.25,600.25,120.05,564.32,205.8,205.8,53.08
2018-09-28,26.0,76.7,Monsoon,16.7,4.9,3130000,3435.0,2404.5,1030.5,747.59,935.56,601.12,120.22,533.54,206.1,206.1,84.76
2018-09-29,25.2,80.0,Monsoon,18.7,1.0,3130000,3455.0,2418.5,1036.5,861.82,831.13,604.62,120.93,531.9,207.3,207.3,90.0
2018-09-30,25.2,80.8,Monsoon,17.5,1.0,3130000,3395.0,2376.5,1018.5,770.22,893.33,594.12,118.82,528.08,203.7,203.7,83.02
2018-10-01,25.0,82.5,Post-Monsoon,18.4,16.0,3130000,3420.0,2394.0,1026.0,906.47,769.33,598.5,119.7,518.88,205.2,205.2,96.72
2018-10-02,25.5,80.5,Post-Monsoon,19.3,4.0,3130000,3515.0,2460.5,1054.5,797.74,924.61,615.12,123.02,545.33,210.9,210.9,87.37
2018-10-03,26.4,78.0,Post-Monsoon,19.0,1.4,3130000,3590.0,2513.0,1077.0,985.36,773.74,628.25,125.65,556.92,215.4,215.4,89.28
2018-10-04,25.4,79.2,Post-Monsoon,17.4,2.0,3130000,3410.0,2387.0,1023.0,855.31,815.59,596.75,119.35,561.17,204.6,204.6,52.63
2018-10-05,25.2,76.5,Post-Monsoon,15.8,0.9,3130000,3310.0,2317.0,993.0,770.75,851.15,579.25,115.85,497.31,198.6,198.6,98.49
2018-10-06,25.7,70.1,Post-Monsoon,20.6,0.0,3130000,3600.0,2520.0,1080.0,863.23,900.77,630.0,126.0,581.23,216.0,216.0,66.77
2018-10-07,26.2,64.3,Post-Monsoon,21.2,0.0,3130000,3680.0,2576.0,1104.0,887.15,916.05,644.0,128.8,560.71,220.8,220.8,101.69
2018-10-08,26.0,66.8,Post-Monsoon,18.9,0.1,3130000,3545.0,2481.5,1063.5,824.88,912.17,620.38,124.08,583.7,212.7,212.7,54.4
2018-10-09,26.1,75.6,Post-Monsoon,18.7,0.0,3130000,3545.0,2481.5,1063.5,921.97,815.08,620.38,124.08,548.77,212.7,212.7,89.33
2018-10-10,25.8,78.5,Post-Monsoon,19.0,0.0,3130000,3530.0,2471.0,1059.0,786.88,942.82,617.75,123.55,538.57,211.8,211.8,96.83
2018-10-11,25.6,76.2,Post-Monsoon,19.1,0.0,3130000,3515.0,2460.5,1054.5,760.6,961.75,615.12,123.02,579.64,210.9,210.9,53.06
2018-10-12,26.1,72.8,Post-Monsoon,18.3,0.0,3130000,3525.0,2467.5,1057.5,954.55,772.7,616.88,123.38,534.59,211.5,211.5,99.91
2018-10-13,25.8,66.9,Post-Monsoon,21.0,0.0,3130000,3630.0,2541.0,1089.0,962.25,816.45,635.25,127.05,548.62,217.8,217.8,104.78
2018-10-14,25.6,63.8,Post-Monsoon,22.0,0.0,3130000,3660.0,2562.0,1098.0,888.65,904.75,640.5,128.1,603.52,219.6,219.6,55.28
2018-10-15,25.2,63.5,Post-Monsoon,19.8,0.0,3130000,3510.0,2457.0,1053.0,914.17,805.73,614.25,122.85,552.52,210.6,210.6,79.28
2018-10-16,25.6,64.4,Post-Monsoon,18.9,0.0,3130000,3505.0,2453.5,1051.5,958.94,758.51,613.38,122.68,559.66,210.3,210.3,71.24
2018-10-17,24.6,78.3,Post-Monsoon,15.8,0.4,3130000,3250.0,2275.0,975.0,699.2,893.3,568.75,113.75,491.15,195.0,195.0,93.85
2018-10-18,24.4,82.2,Post-Monsoon,12.3,4.0,3130000,3055.0,2138.5,916.5,714.63,782.32,534.62,106.93,488.86,183.3,183.3,61.04
2018-10-19,24.9,76.6,Post-Monsoon,17.8,8.0,3130000,3380.0,2366.0,1014.0,815.04,841.16,591.5,118.3,508.5,202.8,202.8,99.9
2018-10-20,25.4,71.3,Post-Monsoon,18.9,0.0,3130000,3485.0,2439.5,1045.5,836.61,871.04,609.88,121.98,531.71,209.1,209.1,95.59
2018-10-21,25.9,70.8,Post-Monsoon,19.9,0.0,3130000,3585.0,2509.5,1075.5,981.59,775.06,627.38,125.48,547.63,215.1,215.1,97.67
2018-10-22,25.7,68.9,Post-Monsoon,18.8,0.0,3130000,3510.0,2457.0,1053.0,928.19,791.71,614.25,122.85,578.58,210.6,210.6,53.22
2018-10-23,25.9,63.0,Post-Monsoon,19.5,0.0,3130000,3565.0,2495.5,1069.5,766.22,980.63,623.88,124.78,544.93,213.9,213.9,96.77
2018-10-24,24.8,58.9,Post-Monsoon,19.3,0.0,3130000,3445.0,2411.5,1033.5,909.19,778.86,602.88,120.58,549.81,206.7,206.7,70.29
2018-10-25,25.0,65.7,Post-Monsoon,18.5,0.2,3130000,3425.0,2397.5,1027.5,895.99,782.26,599.38,119.88,538.31,205.5,205.5,78.19
2018-10-26,24.8,62.8,Post-Monsoon,18.1,0.0,3130000,3385.0,2369.5,1015.5,772.16,886.49,592.38,118.48,555.06,203.1,203.1,54.24
2018-10-27,24.4,54.9,Post-Monsoon,19.8,0.0,3130000,3430.0,2401.0,1029.0,782.48,898.22,600.25,120.05,562.89,205.8,205.8,54.51
2018-10-28,24.3,49.8,Post-Monsoon,21.3,0.0,3130000,3495.0,2446.5,1048.5,806.18,906.37,611.62,122.32,533.13,209.7,209.7,95.97
2018-10-29,23.6,45.3,Post-Monsoon,21.8,0.0,3130000,3450.0,2415.0,1035.0,962.48,728.02,603.75,120.75,526.76,207.0,207.0,94.24
2018-10-30,22.7,48.1,Post-Monsoon,21.8,0.0,3130000,3360.0,2352.0,1008.0,928.81,717.59,588.0,117.6,519.39,201.6,201.6,85.41
2018-10-31,22.9,51.3,Post-Monsoon,21.4,0.0,3130000,3360.0,2352.0,1008.0,912.52,733.88,588.0,117.6,536.12,201.6,201.6,68.68
2018-11-01,23.7,52.5,Post-Monsoon,20.8,0.0,3130000,3410.0,2387.0,1023.0,805.91,864.99,596.75,119.35,539.52,204.6,204.6,74.28
2018-11-02,24.6,57.2,Post-Monsoon,16.3,0.0,3130000,3275.0,2292.5,982.5,713.16,891.59,573.12,114.62,522.73,196.5,196.5,66.77
2018-11-03,25.8,68.0,Post-Monsoon,15.0,0.4,3130000,3330.0,2331.0,999.0,891.22,740.48,582.75,116.55,515.01,199.8,199.8,84.39
2018-11-04,25.9,73.5,Post-Monsoon,16.3,4.0,3130000,3405.0,2383.5,1021.5,948.3,720.15,595.88,119.18,557.4,204.3,204.3,55.5
2018-11-05,25.4,77.9,Post-Monsoon,14.5,6.3,3130000,3265.0,2285.5,979.5,911.32,688.53,571.38,114.28,499.38,195.9,195.9,88.32
2018-11-06,25.6,74.9,Post-Monsoon,16.5,0.2,3130000,3385.0,2369.5,1015.5,758.44,900.21,592.38,118.48,525.2,203.1,203.1,84.1
2018-11-07,25.0,66.1,Post-Monsoon,19.2,0.0,3130000,3460.0,2422.0,1038.0,887.74,807.66,605.5,121.1,536.56,207.6,207.6,86.24
2018-11-08,24.5,63.6,Post-Monsoon,19.9,0.0,3130000,3445.0,2411.5,1033.5,790.26,897.79,602.88,120.58,560.94,206.7,206.7,59.16
2018-11-09,24.8,64.4,Post-Monsoon,20.0,0.0,3130000,3480.0,2436.0,1044.0,930.76,774.44,609.0,121.8,527.9,208.8,208.8,98.5
2018-11-10,24.0,62.4,Post-Monsoon,19.7,0.0,3130000,3385.0,2369.5,1015.5,812.68,845.97,592.38,118.48,538.26,203.1,203.1,71.04
2018-11-11,23.5,58.7,Post-Monsoon,19.9,0.0,3130000,3345.0,2341.5,1003.5,859.28,779.77,585.38,117.08,533.03,200.7,200.7,69.07
2018-11-12,22.9,56.6,Post-Monsoon,20.1,0.0,3130000,3295.0,2306.5,988.5,785.08,829.47,576.62,115.32,541.89,197.7,197.7,51.21
2018-11-13,22.6,52.8,Post-Monsoon,20.1,0.0,3130000,3265.0,2285.5,979.5,803.7,796.15,571.38,114.28,498.4,195.9,195.9,89.3
2018-11-14,23.0,57.7,Post-Monsoon,20.0,0.0,3130000,3300.0,2310.0,990.0,894.11,722.89,577.5,115.5,536.95,198.0,198.0,57.05
2018-11-15,22.4,56.8,Post-Monsoon,20.0,0.0,3130000,3240.0,2268.0,972.0,788.21,799.39,567.0,113.4,500.33,194.4,194.4,82.87
2018-11-16,22.3,49.5,Post-Monsoon,20.0,0.0,3130000,3230.0,2261.0,969.0,850.59,732.11,565.25,113.05,512.07,193.8,193.8,69.33
2018-11-17,22.9,52.6,Post-Monsoon,19.8,0.0,3130000,3280.0,2296.0,984.0,806.68,800.52,574.0,114.8,531.09,196.8,196.8,59.31
2018-11-18,24.5,59.7,Post-Monsoon,17.7,0.0,3130000,3335.0,2334.5,1000.5,822.44,811.71,583.62,116.72,543.65,200.1,200.1,56.65
2018-11-19,24.4,74.1,Post-Monsoon,13.7,2.9,3130000,3125.0,2187.5,937.5,775.49,755.76,546.88,109.38,472.41,187.5,187.5,90.09
2018-11-20,23.6,81.2,Post-Monsoon,13.2,1.3,3130000,3020.0,2114.0,906.0,754.88,724.92,528.5,105.7,459.49,181.2,181.2,84.11
2018-11-21,24.2,75.8,Post-Monsoon,14.8,0.7,3130000,3160.0,2212.0,948.0,700.89,847.51,553.0,110.6,474.11,189.6,189.6,94.69
2018-11-22,24.1,65.5,Post-Monsoon,18.6,0.0,3130000,3340.0,2338.0,1002.0,709.33,927.27,584.5,116.9,545.32,200.4,200.4,55.88
2018-11-23,23.1,55.1,Post-Monsoon,19.1,0.0,3130000,3265.0,2285.5,979.5,722.96,876.89,571.38,114.28,525.1,195.9,195.9,62.6
2018-11-24,22.2,54.8,Post-Monsoon,19.1,0.0,3130000,3175.0,2222.5,952.5,793.13,762.62,555.62,111.12,502.94,190.5,190.5,68.56
2018-11-25,22.0,61.6,Post-Monsoon,17.6,0.0,3130000,3080.0,2156.0,924.0,763.89,745.31,539.0,107.8,498.39,184.8,184.8,56.01
2018-11-26,21.7,62.6,Post-Monsoon,19.0,0.0,3130000,3120.0,2184.0,936.0,681.64,847.16,546.0,109.2,492.25,187.2,187.2,69.35
2018-11-27,21.1,60.6,Post-Monsoon,19.2,0.0,3130000,3070.0,2149.0,921.0,817.84,686.46,537.25,107.45,468.12,184.2,184.2,84.48
2018-11-28,20.5,59.1,Post-Monsoon,19.1,0.0,3130000,3005.0,2103.5,901.5,736.95,735.5,525.88,105.18,464.91,180.3,180.3,75.99
2018-11-29,20.6,58.8,Post-Monsoon,19.1,0.0,3130000,3015.0,2110.5,904.5,675.0,802.35,527.62,105.52,462.5,180.9,180.9,80.2
2018-11-30,20.6,58.6,Post-Monsoon,19.0,0.0,3130000,3010.0,2107.0,903.0,801.74,673.16,526.75,105.35,496.57,180.6,180.6,45.23
2018-12-01,19.6,62.0,Winter,16.5,0.0,3130000,2785.0,1949.5,835.5,672.27,692.38,487.38,97.48,455.26,167.1,167.1,46.04
2018-12-02,19.9,61.4,Winter,18.0,0.0,3130000,2890.0,2023.0,867.0,676.76,739.34,505.75,101.15,461.63,173.4,173.4,58.57
2018-12-03,20.9,61.6,Winter,18.3,0.0,3130000,3005.0,2103.5,901.5,754.44,718.01,525.88,105.18,487.83,180.3,180.3,53.07
2018-12-04,21.7,63.4,Winter,16.6,0.0,3130000,3000.0,2100.0,900.0,698.81,771.19,525.0,105.0,492.05,180.0,180.0,47.95
2018-12-05,23.1,65.1,Winter,15.8,0.0,3130000,3100.0,2170.0,930.0,817.85,701.15,542.5,108.5,487.56,186.0,186.0,70.44
2018-12-06,23.6,63.5,Winter,17.7,0.0,3130000,3245.0,2271.5,973.5,775.66,814.39,567.88,113.58,533.6,194.7,194.7,50.5
2018-12-07,23.3,65.0,Winter,17.8,0.0,3130000,3220.0,2254.0,966.0,754.46,823.34,563.5,112.7,516.66,193.2,193.2,62.94
2018-12-08,23.1,68.1,Winter,15.0,0.0,3130000,3060.0,2142.0,918.0,800.54,698.86,535.5,107.1,498.89,183.6,183.6,51.91
2018-12-09,22.7,64.9,Winter,17.3,0.0,3130000,3135.0,2194.5,940.5,716.86,819.29,548.62,109.72,474.26,188.1,188.1,90.04
2018-12-10,20.8,59.3,Winter,19.0,0.0,3130000,3030.0,2121.0,909.0,752.16,732.54,530.25,106.05,469.03,181.8,181.8,76.37
2018-12-11,19.5,55.3,Winter,19.2,0.0,3130000,2910.0,2037.0,873.0,773.57,652.33,509.25,101.85,477.72,174.6,174.6,46.08
2018-12-12,20.0,57.0,Winter,18.7,0.0,3130000,2935.0,2054.5,880.5,653.52,784.63,513.62,102.72,463.51,176.1,176.1,64.79
2018-12-13,19.7,61.1,Winter,18.4,0.0,3130000,2890.0,2023.0,867.0,718.17,697.93,505.75,101.15,447.16,173.4,173.4,73.04
2018-12-14,20.5,58.9,Winter,15.3,0.0,3130000,2815.0,1970.5,844.5,774.62,604.73,492.62,98.52,462.17,168.9,168.9,44.53
2018-12-15,21.2,58.6,Winter,15.9,0.0,3130000,2915.0,2040.5,874.5,665.9,762.45,510.12,102.02,448.36,174.9,174.9,76.34
2018-12-16,19.9,57.1,Winter,18.0,0.0,3130000,2890.0,2023.0,867.0,780.39,635.71,505.75,101.15,438.29,173.4,173.4,81.91
2018-12-17,17.9,55.7,Winter,18.3,0.0,3130000,2705.0,1893.5,811.5,745.44,580.01,473.38,94.68,435.9,162.3,162.3,51.0
2018-12-18,19.0,61.6,Winter,17.9,0.0,3130000,2795.0,1956.5,838.5,633.98,735.57,489.12,97.82,427.39,167.7,167.7,75.71
2018-12-19,17.9,61.9,Winter,18.7,0.0,3130000,2725.0,1907.5,817.5,761.52,573.73,476.88,95.38,442.39,163.5,163.5,48.11
2018-12-20,18.5,63.0,Winter,18.4,0.0,3130000,2770.0,1939.0,831.0,638.42,718.88,484.75,96.95,451.66,166.2,166.2,46.94
2018-12-21,20.0,65.7,Winter,18.3,0.0,3130000,2915.0,2040.5,874.5,675.04,753.31,510.12,102.02,478.41,174.9,174.9,46.29
2018-12-22,20.9,62.0,Winter,17.7,0.0,3130000,2975.0,2082.5,892.5,729.58,728.17,520.62,104.12,448.61,178.5,178.5,86.89
2018-12-23,21.5,64.6,Winter,16.4,0.0,3130000,2970.0,2079.0,891.0,642.76,812.54,519.75,103.95,476.37,178.2,178.2,58.23
2018-12-24,22.5,67.1,Winter,15.4,0.0,3130000,3020.0,2114.0,906.0,705.21,774.59,528.5,105.7,480.31,181.2,181.2,63.29
2018-12-25,23.1,65.1,Winter,17.1,0.0,3130000,3165.0,2215.5,949.5,738.92,811.93,553.88,110.78,520.74,189.9,189.9,48.96
2018-12-26,21.6,61.4,Winter,18.0,0.0,3130000,3060.0,2142.0,918.0,767.23,732.17,535.5,107.1,488.46,183.6,183.6,62.34
2018-12-27,18.4,51.6,Winter,19.4,0.0,3130000,2810.0,1967.0,843.0,616.35,760.55,491.75,98.35,446.47,168.6,168.6,59.33
2018-12-28,16.4,51.3,Winter,19.4,0.0,3130000,2610.0,1827.0,783.0,569.18,709.72,456.75,91.35,427.96,156.6,156.6,41.84
2018-12-29,16.6,48.3,Winter,19.4,0.0,3130000,2630.0,1841.0,789.0,682.9,605.8,460.25,92.05,408.89,157.8,157.8,64.51
2018-12-30,16.8,47.8,Winter,19.4,0.0,3130000,2650.0,1855.0,795.0,692.56,605.94,463.75,92.75,402.62,159.0,159.0,74.38
2018-12-31,17.4,48.9,Winter,19.0,0.0,3130000,2690.0,1883.0,807.0,639.54,678.56,470.75,94.15,433.04,161.4,161.4,51.16
2019-01-01,18.5,49.4,Winter,19.0,0.0,3130000,2800.0,1960.0,840.0,693.12,678.88,490.0,98.0,422.25,168.0,168.0,81.75
2019-01-02,19.3,45.9,Winter,19.2,0.0,3130000,2890.0,2023.0,867.0,630.1,786.0,505.75,101.15,443.86,173.4,173.4,76.34
2019-01-03,19.8,48.6,Winter,19.2,0.0,3130000,2940.0,2058.0,882.0,714.64,725.96,514.5,102.9,475.89,176.4,176.4,53.31
2019-01-04,20.4,49.2,Winter,19.2,0.0,3130000,3000.0,2100.0,900.0,698.49,771.51,525.0,105.0,494.52,180.0,180.0,45.48
2019-01-05,20.5,53.8,Winter,19.0,0.0,3130000,3000.0,2100.0,900.0,731.81,738.19,525.0,105.0,478.1,180.0,180.0,61.9
2019-01-06,20.5,52.9,Winter,19.1,0.0,3130000,3005.0,2103.5,901.5,671.61,800.84,525.88,105.18,460.34,180.3,180.3,80.56
2019-01-07,18.6,53.2,Winter,19.2,0.0,3130000,2820.0,1974.0,846.0,732.15,649.65,493.5,98.7,444.65,169.2,169.2,62.95
2019-01-08,18.6,54.3,Winter,19.6,0.0,3130000,2840.0,1988.0,852.0,611.36,780.24,497.0,99.4,447.46,170.4,170.4,63.74
2019-01-09,19.3,52.3,Winter,19.6,0.0,3130000,2910.0,2037.0,873.0,644.26,781.64,509.25,101.85,467.19,174.6,174.6,56.61
2019-01-10,19.6,54.1,Winter,19.6,0.0,3130000,2940.0,2058.0,882.0,684.47,756.13,514.5,102.9,447.41,176.4,176.4,81.79
2019-01-11,20.3,53.5,Winter,19.5,0.0,3130000,3005.0,2103.5,901.5,726.46,745.99,525.88,105.18,473.3,180.3,180.3,67.6
2019-01-12,21.1,52.7,Winter,19.4,0.0,3130000,3080.0,2156.0,924.0,648.17,861.03,539.0,107.8,506.48,184.8,184.8,47.92
2019-01-13,20.3,55.2,Winter,19.6,0.0,3130000,3010.0,2107.0,903.0,704.04,770.86,526.75,105.35,476.04,180.6,180.6,65.76
2019-01-14,20.0,58.2,Winter,19.1,0.0,3130000,2955.0,2068.5,886.5,650.79,797.16,517.12,103.43,461.86,177.3,177.3,70.04
2019-01-15,20.5,61.0,Winter,19.3,0.0,3130000,3015.0,2110.5,904.5,835.86,641.49,527.62,105.52,467.35,180.9,180.9,75.35
2019-01-16,20.8,60.5,Winter,19.3,0.0,3130000,3045.0,2131.5,913.5,641.22,850.83,532.88,106.58,486.18,182.7,182.7,61.92
2019-01-17,21.3,59.3,Winter,19.7,0.0,3130000,3115.0,2180.5,934.5,654.95,871.4,545.12,109.02,489.49,186.9,186.9,71.21
2019-01-18,21.3,57.3,Winter,19.8,0.0,3130000,3120.0,2184.0,936.0,830.85,697.95,546.0,109.2,510.53,187.2,187.2,51.07
2019-01-19,21.0,55.2,Winter,19.9,0.0,3130000,3095.0,2166.5,928.5,664.31,852.24,541.62,108.32,493.9,185.7,185.7,63.2
2019-01-20,21.5,54.3,Winter,20.1,0.0,3130000,3155.0,2208.5,946.5,664.76,881.19,552.12,110.43,483.5,189.3,189.3,84.4
2019-01-21,21.6,51.9,Winter,20.1,0.0,3130000,3165.0,2215.5,949.5,722.03,828.82,553.88,110.78,492.04,189.9,189.9,77.66
2019-01-22,19.8,61.0,Winter,20.2,0.0,3130000,2990.0,2093.0,897.0,783.82,681.28,523.25,104.65,468.45,179.4,179.4,69.75
2019-01-23,19.3,69.3,Winter,19.7,0.0,3130000,2915.0,2040.5,874.5,667.66,760.69,510.12,102.02,470.55,174.9,174.9,54.15
2019-01-24,19.6,64.5,Winter,19.3,0.0,3130000,2925.0,2047.5,877.5,671.85,761.4,511.88,102.38,450.18,175.5,175.5,76.32
2019-01-25,18.3,57.8,Winter,20.7,0.0,3130000,2865.0,2005.5,859.5,785.3,618.55,501.38,100.28,449.37,171.9,171.9,66.33
2019-01-26,17.5,59.9,Winter,20.0,0.0,3130000,2750.0,1925.0,825.0,627.41,720.09,481.25,96.25,429.86,165.0,165.0,65.14
2019-01-27,19.4,58.5,Winter,18.3,0.0,3130000,2855.0,1998.5,856.5,685.96,712.99,499.62,99.93,441.51,171.3,171.3,72.39
2019-01-28,18.5,54.8,Winter,20.0,0.0,3130000,2850.0,1995.0,855.0,754.47,642.03,498.75,99.75,435.74,171.0,171.0,77.26
2019-01-29,17.8,51.7,Winter,21.1,0.0,3130000,2835.0,1984.5,850.5,790.87,598.28,496.12,99.22,467.76,170.1,170.1,42.54
2019-01-30,18.9,51.8,Winter,21.1,0.0,3130000,2945.0,2061.5,883.5,785.85,657.2,515.38,103.08,456.13,176.7,176.7,73.97
2019-01-31,19.8,54.9,Winter,21.0,0.0,3130000,3030.0,2121.0,909.0,718.21,766.49,530.25,106.05,499.7,181.8,181.8,45.7
2019-02-01,21.0,56.4,Winter,20.3,0.0,3130000,3115.0,2180.5,934.5,730.96,795.39,545.12,109.02,503.58,186.9,186.9,57.12
2019-02-02,21.3,58.9,Winter,17.3,0.0,3130000,2995.0,2096.5,898.5,682.18,785.37,524.12,104.82,458.24,179.7,179.7,80.86
2019-02-03,21.9,59.5,Winter,15.6,0.0,3130000,2970.0,2079.0,891.0,632.81,822.49,519.75,103.95,455.08,178.2,178.2,79.52
2019-02-04,22.7,52.9,Winter,20.8,0.0,3130000,3310.0,2317.0,993.0,866.33,755.57,579.25,115.85,526.06,198.6,198.6,69.74
2019-02-05,22.4,58.5,Winter,19.9,0.0,3130000,3235.0,2264.5,970.5,826.97,758.18,566.12,113.22,522.25,194.1,194.1,60.05
2019-02-06,22.5,61.5,Winter,20.1,0.2,3130000,3255.0,2278.5,976.5,881.15,713.8,569.62,113.93,500.17,195.3,195.3,85.73
2019-02-07,19.4,60.7,Winter,21.5,0.0,3130000,3015.0,2110.5,904.5,810.49,666.86,527.62,105.52,475.36,180.9,180.9,67.34
2019-02-08,17.3,57.5,Winter,22.4,0.0,3130000,2850.0,1995.0,855.0,721.04,675.46,498.75,99.75,469.44,171.0,171.0,43.56
2019-02-09,15.7,47.2,Winter,23.3,0.0,3130000,2735.0,1914.5,820.5,635.51,704.64,478.62,95.72,412.62,164.1,164.1,79.68
2019-02-10,18.8,41.2,Winter,22.5,0.0,3130000,3005.0,2103.5,901.5,665.25,807.2,525.88,105.18,455.23,180.3,180.3,85.67
2019-02-11,21.7,48.8,Winter,21.5,0.0,3130000,3245.0,2271.5,973.5,693.67,896.38,567.88,113.58,487.18,194.7,194.7,96.92
2019-02-12,24.0,54.7,Winter,17.7,0.0,3130000,3285.0,2299.5,985.5,701.98,907.67,574.88,114.98,510.49,197.1,197.1,80.81
2019-02-13,24.7,56.9,Winter,18.8,0.0,3130000,3410.0,2387.0,1023.0,786.16,884.74,596.75,119.35,522.97,204.6,204.6,90.83
2019-02-14,23.9,56.5,Winter,21.6,0.0,3130000,3470.0,2429.0,1041.0,936.95,763.35,607.25,121.45,554.87,208.2,208.2,69.73
2019-02-15,22.6,51.7,Winter,21.9,0.0,3130000,3355.0,2348.5,1006.5,840.76,803.19,587.12,117.43,526.26,201.3,201.3,77.64
2019-02-16,21.3,52.7,Winter,23.1,0.0,3130000,3285.0,2299.5,985.5,799.38,810.27,574.88,114.98,495.13,197.1,197.1,96.17
2019-02-17,21.4,49.3,Winter,22.8,0.0,3130000,3280.0,2296.0,984.0,883.12,724.08,574.0,114.8,501.7,196.8,196.8,88.7
2019-02-18,22.5,52.5,Winter,22.5,0.0,3130000,3375.0,2362.5,1012.5,828.16,825.59,590.62,118.12,543.37,202.5,202.5,64.13
2019-02-19,24.1,49.7,Winter,22.5,0.0,3130000,3535.0,2474.5,1060.5,893.73,838.42,618.62,123.72,569.03,212.1,212.1,67.27
2019-02-20,25.2,49.9,Winter,22.4,0.0,3130000,3640.0,2548.0,1092.0,819.13,964.47,637.0,127.4,580.52,218.4,218.4,74.68
2019-02-21,25.8,57.9,Winter,20.1,0.0,3130000,3585.0,2509.5,1075.5,820.28,936.37,627.38,125.48,542.52,215.1,215.1,102.78
2019-02-22,26.2,55.8,Winter,18.9,0.0,3130000,3565.0,2495.5,1069.5,757.1,989.75,623.88,124.78,539.24,213.9,213.9,102.46
2019-02-23,25.7,50.7,Winter,21.1,0.0,3130000,3625.0,2537.5,1087.5,802.04,974.21,634.38,126.88,546.99,217.5,217.5,105.51
2019-02-24,25.0,42.1,Winter,23.0,0.0,3130000,3650.0,2555.0,1095.0,844.95,943.55,638.75,127.75,554.11,219.0,219.0,102.89
2019-02-25,24.4,37.9,Winter,23.6,0.0,3130000,3620.0,2534.0,1086.0,958.58,815.22,633.5,126.7,567.19,217.2,217.2,84.41
2019-02-26,22.7,39.2,Winter,23.5,0.0,3130000,3445.0,2411.5,1033.5,753.43,934.62,602.88,120.58,560.15,206.7,206.7,59.95
2019-02-27,21.6,48.8,Winter,24.4,0.0,3130000,3380.0,2366.0,1014.0,725.64,930.56,591.5,118.3,509.75,202.8,202.8,98.65
2019-02-28,21.2,55.3,Winter,24.5,0.0,3130000,3345.0,2341.5,1003.5,784.05,855.0,585.38,117.08,511.82,200.7,200.7,90.28
2019-03-01,22.2,48.7,Summer,24.0,0.0,3130000,3420.0,2394.0,1026.0,909.76,766.04,598.5,119.7,545.03,205.2,205.2,70.57
2019-03-02,24.2,46.6,Summer,24.0,0.0,3130000,3620.0,2534.0,1086.0,808.29,965.51,633.5,126.7,545.29,217.2,217.2,106.31
2019-03-03,23.6,56.8,Summer,24.1,0.0,3130000,3565.0,2495.5,1069.5,801.66,945.19,623.88,124.78,572.03,213.9,213.9,69.67
2019-03-04,23.2,64.5,Summer,23.8,0.0,3130000,3510.0,2457.0,1053.0,945.19,774.71,614.25,122.85,551.85,210.6,210.6,79.95
2019-03-05,22.6,63.5,Summer,23.8,0.0,3130000,3450.0,2415.0,1035.0,934.89,755.61,603.75,120.75,545.25,207.0,207.0,75.75
2019-03-06,21.5,62.6,Summer,24.2,0.0,3130000,3360.0,2352.0,1008.0,730.31,916.09,588.0,117.6,549.73,201.6,201.6,55.07
2019-03-07,22.8,53.2,Summer,25.2,0.0,3130000,3540.0,2478.0,1062.0,974.79,759.81,619.5,123.9,556.13,212.4,212.4,81.07
2019-03-08,24.4,50.1,Summer,24.9,0.0,3130000,3685.0,2579.5,1105.5,851.98,953.67,644.88,128.98,571.96,221.1,221.1,91.34
2019-03-09,25.2,45.2,Summer,24.9,0.0,3130000,3765.0,2635.5,1129.5,795.22,1049.63,658.88,131.78,570.96,225.9,225.9,106.74
2019-03-10,25.6,45.5,Summer,24.9,0.0,3130000,3805.0,2663.5,1141.5,918.5,945.95,665.88,133.18,575.64,228.3,228.3,109.26
2019-03-11,25.0,44.5,Summer,24.9,0.0,3130000,3745.0,2621.5,1123.5,1036.6,798.45,655.38,131.08,567.46,224.7,224.7,106.64
2019-03-12,24.8,48.7,Summer,22.9,0.0,3130000,3625.0,2537.5,1087.5,815.69,960.56,634.38,126.88,595.19,217.5,217.5,57.31
2019-03-13,24.7,46.5,Summer,22.0,0.0,3130000,3570.0,2499.0,1071.0,907.61,841.69,624.75,124.95,551.94,214.2,214.2,90.66
2019-03-14,24.6,45.4,Summer,23.4,0.0,3130000,3630.0,2541.0,1089.0,918.01,860.69,635.25,127.05,594.4,217.8,217.8,59.0
2019-03-15,25.3,43.2,Summer,25.1,0.0,3130000,3785.0,2649.5,1135.5,882.26,972.39,662.38,132.48,580.87,227.1,227.1,100.43
2019-03-16,25.8,37.9,Summer,25.2,0.0,3130000,3840.0,2688.0,1152.0,939.25,942.35,672.0,134.4,595.21,230.4,230.4,95.99
2019-03-17,26.1,35.8,Summer,25.7,0.0,3130000,3895.0,2726.5,1168.5,862.7,1045.85,681.62,136.33,641.94,233.7,233.7,59.16
2019-03-18,25.9,43.5,Summer,25.9,0.0,3130000,3885.0,2719.5,1165.5,1012.39,891.26,679.88,135.98,589.6,233.1,233.1,109.7
2019-03-19,25.9,39.5,Summer,26.1,0.0,3130000,3895.0,2726.5,1168.5,1033.09,875.46,681.62,136.33,596.35,233.7,233.7,104.75
2019-03-20,25.8,40.6,Summer,25.9,0.0,3130000,3875.0,2712.5,1162.5,960.08,938.67,678.12,135.62,591.3,232.5,232.5,106.2
2019-03-21,25.3,44.0,Summer,26.1,0.0,3130000,3835.0,2684.5,1150.5,864.82,1014.33,671.12,134.22,632.07,230.1,230.1,58.23
2019-03-22,25.6,39.4,Summer,26.6,0.0,3130000,3890.0,2723.0,1167.0,868.15,1037.95,680.75,136.15,637.04,233.4,233.4,63.16
2019-03-23,27.2,41.2,Summer,25.9,0.0,3130000,4015.0,2810.5,1204.5,844.48,1122.87,702.62,140.52,609.92,240.9,240.9,112.78
2019-03-24,28.3,37.4,Summer,26.0,0.0,3130000,4130.0,2891.0,1239.0,937.22,1086.48,722.75,144.55,661.03,247.8,247.8,82.37
2019-03-25,28.9,36.5,Summer,23.9,0.2,3130000,4085.0,2859.5,1225.5,964.6,1037.05,714.88,142.98,616.37,245.1,245.1,118.93
2019-03-26,28.9,36.3,Summer,26.4,0.0,3130000,4210.0,2947.0,1263.0,1118.88,944.02,736.75,147.35,691.52,252.6,252.6,66.28
2019-03-27,28.2,49.9,Summer,26.2,0.0,3130000,4130.0,2891.0,1239.0,1076.87,946.83,722.75,144.55,625.4,247.8,247.8,118.0
2019-03-28,28.9,45.7,Summer,26.6,0.0,3130000,4220.0,2954.0,1266.0,1126.09,941.71,738.5,147.7,657.36,253.2,253.2,102.24
2019-03-29,29.2,44.6,Summer,25.6,0.0,3130000,4200.0,2940.0,1260.0,1134.93,923.07,735.0,147.0,634.54,252.0,252.0,121.46
2019-03-30,29.1,52.2,Summer,24.8,0.4,3130000,4150.0,2905.0,1245.0,1064.32,969.18,726.25,145.25,665.15,249.0,249.0,81.85
2019-03-31,29.1,49.9,Summer,25.0,0.0,3130000,4160.0,2912.0,1248.0,989.71,1048.69,728.0,145.6,683.94,249.6,249.6,64.86
2019-04-01,28.0,43.0,Summer,26.9,0.0,3130000,4145.0,2901.5,1243.5,1115.4,915.65,725.38,145.08,647.33,248.7,248.7,98.77
2019-04-02,27.7,45.4,Summer,27.0,0.0,3130000,4120.0,2884.0,1236.0,1148.93,869.87,721.0,144.2,677.8,247.2,247.2,63.8
2019-04-03,28.9,44.9,Summer,25.7,0.0,3130000,4175.0,2922.5,1252.5,987.82,1057.93,730.62,146.12,661.84,250.5,250.5,89.66
2019-04-04,29.0,47.3,Summer,25.0,0.3,3130000,4150.0,2905.0,1245.0,1048.08,985.42,726.25,145.25,653.0,249.0,249.0,94.0
2019-04-05,28.1,55.8,Summer,24.1,2.7,3130000,4015.0,2810.5,1204.5,1021.23,946.12,702.62,140.52,656.19,240.9,240.9,66.51
2019-04-06,28.6,49.3,Summer,24.8,0.0,3130000,4100.0,2870.0,1230.0,959.86,1049.14,717.5,143.5,643.85,246.0,246.0,94.15
2019-04-07,28.7,42.8,Summer,26.6,0.0,3130000,4200.0,2940.0,1260.0,999.41,1058.59,735.0,147.0,688.22,252.0,252.0,67.78
2019-04-08,29.3,43.8,Summer,26.8,0.0,3130000,4270.0,2989.0,1281.0,1010.87,1081.43,747.25,149.45,665.83,256.2,256.2,102.77
2019-04-09,28.4,44.6,Summer,26.4,0.0,3130000,4160.0,2912.0,1248.0,940.64,1097.76,728.0,145.6,679.92,249.6,249.6,68.88
2019-04-10,29.0,43.9,Summer,26.4,0.0,3130000,4220.0,2954.0,1266.0,1064.34,1003.46,738.5,147.7,637.08,253.2,253.2,122.52
2019-04-11,29.6,46.2,Summer,25.4,0.0,3130000,4230.0,2961.0,1269.0,970.79,1101.91,740.25,148.05,656.88,253.8,253.8,104.52
2019-04-12,30.3,46.5,Summer,26.0,0.0,3130000,4330.0,3031.0,1299.0,1095.74,1025.96,757.75,151.55,669.01,259.8,259.8,110.39
2019-04-13,29.7,49.5,Summer,23.2,0.2,3130000,4130.0,2891.0,1239.0,1098.67,925.03,722.75,144.55,636.1,247.8,247.8,107.3
2019-04-14,29.1,51.5,Summer,22.9,0.2,3130000,4055.0,2838.5,1216.5,864.32,1122.63,709.62,141.93,650.81,243.3,243.3,79.09
2019-04-15,28.4,53.1,Summer,22.0,2.8,3130000,3940.0,2758.0,1182.0,872.83,1057.77,689.5,137.9,618.25,236.4,236.4,90.95
2019-04-16,27.7,62.1,Summer,23.2,1.0,3130000,3930.0,2751.0,1179.0,857.54,1068.16,687.75,137.55,616.87,235.8,235.8,90.53
2019-04-17,27.0,54.9,Summer,27.0,0.0,3130000,4050.0,2835.0,1215.0,1120.05,864.45,708.75,141.75,635.28,243.0,243.0,93.72
2019-04-18,26.2,48.0,Summer,28.3,0.0,3130000,4035.0,2824.5,1210.5,930.47,1046.68,706.12,141.22,650.71,242.1,242.1,75.59
2019-04-19,27.7,53.3,Summer,27.6,0.0,3130000,4150.0,2905.0,1245.0,979.07,1054.43,726.25,145.25,684.25,249.0,249.0,62.75
2019-04-20,27.7,48.7,Summer,27.6,0.0,3130000,4150.0,2905.0,1245.0,1124.1,909.4,726.25,145.25,674.52,249.0,249.0,72.48
2019-04-21,27.8,48.7,Summer,27.0,0.0,3130000,4130.0,2891.0,1239.0,877.65,1146.05,722.75,144.55,634.38,247.8,247.8,109.02
2019-04-22,28.4,45.9,Summer,27.5,0.0,3130000,4215.0,2950.5,1264.5,1160.98,904.37,737.62,147.52,669.68,252.9,252.9,89.02
2019-04-23,29.5,40.8,Summer,25.5,0.0,3130000,4225.0,2957.5,1267.5,902.03,1168.22,739.38,147.88,637.66,253.5,253.5,122.84
2019-04-24,30.8,42.5,Summer,24.1,0.0,3130000,4285.0,2999.5,1285.5,1138.97,960.68,749.88,149.98,681.3,257.1,257.1,90.0
2019-04-25,31.4,43.5,Summer,23.2,0.0,3130000,4300.0,3010.0,1290.0,1103.83,1003.17,752.5,150.5,661.5,258.0,258.0,112.5
2019-04-26,32.1,42.0,Summer,25.1,0.0,3130000,4465.0,3125.5,1339.5,1119.06,1068.79,781.38,156.28,694.73,267.9,267.9,108.97
2019-04-27,32.9,42.7,Summer,23.3,0.0,3130000,4455.0,3118.5,1336.5,1027.11,1155.84,779.62,155.93,695.94,267.3,267.3,105.96
2019-04-28,32.6,46.4,Summer,25.2,0.0,3130000,4520.0,3164.0,1356.0,1229.36,985.44,791.0,158.2,711.11,271.2,271.2,102.49
2019-04-29,30.8,52.8,Summer,25.6,0.0,3130000,4360.0,3052.0,1308.0,1002.12,1134.28,763.0,152.6,710.58,261.6,261.6,74.22
2019-04-30,29.2,52.0,Summer,25.6,0.0,3130000,4200.0,2940.0,1260.0,1055.9,1002.1,735.0,147.0,677.41,252.0,252.0,78.59
2019-05-01,28.0,53.1,Summer,27.5,0.0,3130000,4175.0,2922.5,1252.5,933.34,1112.41,730.62,146.12,649.56,250.5,250.5,101.94
2019-05-02,26.9,55.5,Summer,27.5,0.0,3130000,4065.0,2845.5,1219.5,1087.93,903.92,711.38,142.28,650.08,243.9,243.9,81.62
2019-05-03,26.3,58.4,Summer,26.9,0.0,3130000,3975.0,2782.5,1192.5,1027.46,920.29,695.62,139.12,616.12,238.5,238.5,99.38
2019-05-04,26.4,63.3,Summer,25.9,0.0,3130000,3935.0,2754.5,1180.5,926.32,1001.83,688.62,137.72,642.28,236.1,236.1,66.02
2019-05-05,27.4,60.8,Summer,26.9,0.0,3130000,4085.0,2859.5,1225.5,990.26,1011.39,714.88,142.98,640.26,245.1,245.1,95.04
2019-05-06,28.7,56.2,Summer,24.0,0.0,3130000,4070.0,2849.0,1221.0,907.58,1086.72,712.25,142.45,634.46,244.2,244.2,98.14
2019-05-07,28.4,59.6,Summer,25.2,0.1,3130000,4100.0,2870.0,1230.0,1011.13,997.87,717.5,143.5,643.48,246.0,246.0,94.52
2019-05-08,27.5,65.7,Summer,23.9,0.4,3130000,3945.0,2761.5,1183.5,908.69,1024.36,690.38,138.08,629.77,236.7,236.7,80.33
2019-05-09,27.2,59.6,Summer,26.5,0.0,3130000,4045.0,2831.5,1213.5,1113.8,868.25,707.88,141.58,656.74,242.7,242.7,71.36
2019-05-10,27.2,62.2,Summer,26.0,0.0,3130000,4020.0,2814.0,1206.0,968.43,1001.37,703.5,140.7,655.59,241.2,241.2,68.01
2019-05-11,28.3,57.9,Summer,26.1,0.0,3130000,4135.0,2894.5,1240.5,1098.64,927.51,723.62,144.72,654.51,248.1,248.1,89.79
2019-05-12,28.9,57.3,Summer,26.6,0.1,3130000,4220.0,2954.0,1266.0,1153.99,913.81,738.5,147.7,680.91,253.2,253.2,78.69
2019-05-13,28.9,57.5,Summer,27.1,0.0,3130000,4245.0,2971.5,1273.5,996.71,1083.34,742.88,148.58,683.45,254.7,254.7,80.65
2019-05-14,28.6,54.4,Summer,28.1,0.0,3130000,4265.0,2985.5,1279.5,969.87,1119.98,746.38,149.28,677.35,255.9,255.9,90.35
2019-05-15,27.9,53.3,Summer,28.3,0.0,3130000,4205.0,2943.5,1261.5,958.13,1102.32,735.88,147.18,652.15,252.3,252.3,104.75
2019-05-16,28.3,54.8,Summer,27.7,0.0,3130000,4215.0,2950.5,1264.5,1093.05,972.3,737.62,147.52,675.78,252.9,252.9,82.92
2019-05-17,29.1,53.3,Summer,28.0,0.0,3130000,4310.0,3017.0,1293.0,953.48,1158.42,754.25,150.85,708.08,258.6,258.6,67.72
2019-05-18,29.9,49.0,Summer,27.9,0.0,3130000,4385.0,3069.5,1315.5,1227.08,921.57,767.38,153.48,683.41,263.1,263.1,105.89
2019-05-19,30.2,42.6,Summer,26.2,0.0,3130000,4330.0,3031.0,1299.0,1170.26,951.44,757.75,151.55,698.57,259.8,259.8,80.83
2019-05-20,30.4,46.4,Summer,25.7,0.0,3130000,4325.0,3027.5,1297.5,937.73,1181.52,756.88,151.38,655.76,259.5,259.5,122.74
2019-05-21,30.7,56.7,Summer,24.9,0.1,3130000,4315.0,3020.5,1294.5,1153.61,960.74,755.12,151.02,702.84,258.9,258.9,73.86
2019-05-22,30.2,56.9,Summer,26.0,0.0,3130000,4320.0,3024.0,1296.0,953.83,1162.97,756.0,151.2,681.6,259.2,259.2,96.0
2019-05-23,29.8,57.9,Summer,26.5,0.0,3130000,4305.0,3013.5,1291.5,979.38,1130.07,753.38,150.68,685.36,258.3,258.3,89.54
2019-05-24,29.7,59.3,Summer,26.7,0.0,3130000,4305.0,3013.5,1291.5,978.16,1131.29,753.38,150.68,663.36,258.3,258.3,111.54
2019-05-25,29.6,60.2,Summer,26.2,0.0,3130000,4270.0,2989.0,1281.0,987.38,1104.92,747.25,149.45,674.24,256.2,256.2,94.36
2019-05-26,28.7,58.0,Summer,27.4,0.0,3130000,4240.0,2968.0,1272.0,1088.64,988.96,742.0,148.4,642.45,254.4,254.4,120.75
2019-05-27,29.2,63.9,Summer,26.1,0.0,3130000,4225.0,2957.5,1267.5,980.55,1089.7,739.38,147.88,667.57,253.5,253.5,92.93
2019-05-28,30.0,57.9,Summer,26.7,0.0,3130000,4335.0,3034.5,1300.5,1208.44,915.71,758.62,151.72,693.96,260.1,260.1,86.34
2019-05-29,30.2,55.3,Summer,27.7,0.0,3130000,4405.0,3083.5,1321.5,1180.09,978.36,770.88,154.18,679.6,264.3,264.3,113.3
2019-05-30,29.3,62.5,Summer,27.2,0.0,3130000,4290.0,3003.0,1287.0,1064.5,1037.6,750.75,150.15,667.55,257.4,257.4,104.65
2019-05-31,29.6,59.2,Summer,26.0,0.0,3130000,4260.0,2982.0,1278.0,1185.02,902.38,745.5,149.1,661.82,255.6,255.6,104.98
2019-06-01,29.1,63.3,Monsoon,24.2,0.0,3130000,4120.0,2884.0,1236.0,1099.73,919.07,721.0,144.2,677.7,247.2,247.2,63.9
2019-06-02,29.3,66.0,Monsoon,25.2,0.0,3130000,4190.0,2933.0,1257.0,923.38,1129.72,733.25,146.65,651.61,251.4,251.4,102.59
2019-06-03,28.7,66.3,Monsoon,21.9,0.2,3130000,3965.0,2775.5,1189.5,947.33,995.52,693.88,138.78,621.73,237.9,237.9,91.97
2019-06-04,28.7,66.1,Monsoon,21.4,0.0,3130000,3940.0,2758.0,1182.0,843.82,1086.78,689.5,137.9,616.07,236.4,236.4,93.13
2019-06-05,29.8,64.7,Monsoon,24.6,0.5,3130000,4210.0,2947.0,1263.0,1058.82,1004.08,736.75,147.35,685.79,252.6,252.6,72.01
2019-06-06,28.9,67.0,Monsoon,23.0,0.1,3130000,4040.0,2828.0,1212.0,918.8,1060.8,707.0,141.4,620.45,242.4,242.4,106.75
2019-06-07,29.5,62.2,Monsoon,24.7,1.0,3130000,4185.0,2929.5,1255.5,1136.54,914.11,732.38,146.48,688.74,251.1,251.1,64.56
2019-06-08,30.1,66.3,Monsoon,19.8,0.8,3130000,4000.0,2800.0,1200.0,852.61,1107.39,700.0,140.0,625.54,240.0,240.0,94.46
2019-06-09,28.5,72.3,Monsoon,16.3,30.0,3130000,3665.0,2565.5,1099.5,916.74,879.11,641.38,128.28,581.62,219.9,219.9,78.08
2019-06-10,27.3,75.0,Monsoon,19.7,2.0,3130000,3715.0,2600.5,1114.5,982.28,838.07,650.12,130.02,584.36,222.9,222.9,84.34
2019-06-11,28.3,71.1,Monsoon,17.7,5.9,3130000,3715.0,2600.5,1114.5,897.13,923.22,650.12,130.02,582.21,222.9,222.9,86.49
2019-06-12,25.7,78.2,Monsoon,12.0,0.2,3130000,3170.0,2219.0,951.0,773.29,780.01,554.75,110.95,476.98,190.2,190.2,93.62
2019-06-13,25.4,83.4,Monsoon,17.7,4.8,3130000,3425.0,2397.5,1027.5,789.88,888.37,599.38,119.88,517.91,205.5,205.5,98.59
2019-06-14,26.6,79.3,Monsoon,18.5,3.2,3130000,3585.0,2509.5,1075.5,977.24,779.41,627.38,125.48,574.07,215.1,215.1,71.23
2019-06-15,26.3,81.1,Monsoon,13.2,1.1,3130000,3290.0,2303.0,987.0,740.1,872.0,575.75,115.15,524.49,197.4,197.4,67.71
2019-06-16,27.0,77.0,Monsoon,18.0,2.0,3130000,3600.0,2520.0,1080.0,894.65,869.35,630.0,126.0,542.12,216.0,216.0,105.88
2019-06-17,26.6,75.2,Monsoon,17.7,0.9,3130000,3545.0,2481.5,1063.5,957.38,779.67,620.38,124.08,573.64,212.7,212.7,64.46
2019-06-18,26.3,78.3,Monsoon,16.9,0.1,3130000,3475.0,2432.5,1042.5,748.44,954.31,608.12,121.62,564.38,208.5,208.5,61.12
2019-06-19,25.4,83.7,Monsoon,14.0,0.5,3130000,3240.0,2268.0,972.0,712.76,874.84,567.0,113.4,523.8,194.4,194.4,59.4
2019-06-20,26.6,76.1,Monsoon,18.9,1.0,3130000,3605.0,2523.5,1081.5,961.01,805.44,630.88,126.18,583.09,216.3,216.3,65.81
2019-06-21,26.8,76.9,Monsoon,18.5,1.7,3130000,3605.0,2523.5,1081.5,836.07,930.38,630.88,126.18,560.77,216.3,216.3,88.13
2019-06-22,26.6,76.3,Monsoon,20.4,1.1,3130000,3680.0,2576.0,1104.0,962.14,841.06,644.0,128.8,593.2,220.8,220.8,69.2
2019-06-23,26.0,80.2,Monsoon,11.5,3.5,3130000,3175.0,2222.5,952.5,888.77,666.98,555.62,111.12,493.71,190.5,190.5,77.79
2019-06-24,25.4,84.7,Monsoon,12.9,5.0,3130000,3185.0,2229.5,955.5,857.37,703.28,557.38,111.48,495.39,191.1,191.1,77.91
2019-06-25,26.0,83.5,Monsoon,15.2,13.0,3130000,3360.0,2352.0,1008.0,718.32,928.08,588.0,117.6,536.81,201.6,201.6,67.99
2019-06-26,26.0,82.9,Monsoon,14.8,0.7,3130000,3340.0,2338.0,1002.0,759.08,877.52,584.5,116.9,501.67,200.4,200.4,99.53
2019-06-27,25.0,87.7,Monsoon,14.0,71.0,3130000,3200.0,2240.0,960.0,833.17,734.83,560.0,112.0,481.87,192.0,192.0,94.13
2019-06-28,23.7,93.1,Monsoon,5.2,40.0,3130000,2630.0,1841.0,789.0,632.91,655.79,460.25,92.05,418.22,157.8,157.8,55.18
2019-06-29,22.8,93.5,Monsoon,2.1,20.3,3130000,2385.0,1669.5,715.5,543.52,625.13,417.38,83.48,359.83,143.1,143.1,69.47
2019-06-30,23.3,92.2,Monsoon,4.7,6.7,3130000,2565.0,1795.5,769.5,695.78,561.07,448.88,89.78,419.88,153.9,153.9,41.82
2019-07-01,23.4,93.2,Monsoon,4.5,13.0,3130000,2565.0,1795.5,769.5,650.7,606.15,448.88,89.78,386.25,153.9,153.9,75.45
2019-07-02,23.8,90.1,Monsoon,7.8,12.2,3130000,2770.0,1939.0,831.0,678.81,678.49,484.75,96.95,449.42,166.2,166.2,49.18
2019-07-03,24.1,88.4,Monsoon,7.1,0.7,3130000,2765.0,1935.5,829.5,746.81,608.04,483.88,96.78,424.61,165.9,165.9,73.09
2019-07-04,24.7,87.3,Monsoon,12.0,0.2,3130000,3070.0,2149.0,921.0,753.66,750.64,537.25,107.45,505.63,184.2,184.2,46.97
2019-07-05,24.0,89.9,Monsoon,10.5,5.0,3130000,2925.0,2047.5,877.5,648.78,784.47,511.88,102.38,442.25,175.5,175.5,84.25
2019-07-06,23.6,91.7,Monsoon,7.1,27.0,3130000,2715.0,1900.5,814.5,740.87,589.48,475.12,95.02,439.23,162.9,162.9,49.47
2019-07-07,24.4,91.1,Monsoon,8.2,28.0,3130000,2850.0,1995.0,855.0,712.81,683.69,498.75,99.75,468.56,171.0,171.0,44.44
2019-07-08,24.0,92.9,Monsoon,13.2,31.0,3130000,3060.0,2142.0,918.0,791.15,708.25,535.5,107.1,498.44,183.6,183.6,52.36
2019-07-09,24.8,89.5,Monsoon,13.8,7.0,3130000,3170.0,2219.0,951.0,815.99,737.31,554.75,110.95,499.59,190.2,190.2,71.01
2019-07-10,23.7,93.3,Monsoon,8.9,23.0,3130000,2815.0,1970.5,844.5,786.22,593.13,492.62,98.52,422.48,168.9,168.9,84.22
2019-07-11,24.0,91.8,Monsoon,4.5,11.0,3130000,2625.0,1837.5,787.5,575.89,710.36,459.38,91.88,395.71,157.5,157.5,76.79
2019-07-12,24.8,86.8,Monsoon,12.7,0.2,3130000,3115.0,2180.5,934.5,843.74,682.61,545.12,109.02,479.12,186.9,186.9,81.58
2019-07-13,25.0,86.2,Monsoon,14.4,2.5,3130000,3220.0,2254.0,966.0,690.12,887.68,563.5,112.7,519.4,193.2,193.2,60.2
2019-07-14,24.9,85.8,Monsoon,15.9,1.0,3130000,3285.0,2299.5,985.5,881.76,727.89,574.88,114.98,501.55,197.1,197.1,89.75
2019-07-15,24.9,84.0,Monsoon,15.8,2.3,3130000,3280.0,2296.0,984.0,874.35,732.85,574.0,114.8,497.44,196.8,196.8,92.96
2019-07-16,25.2,82.5,Monsoon,15.6,0.1,3130000,3300.0,2310.0,990.0,908.67,708.33,577.5,115.5,500.32,198.0,198.0,93.68
2019-07-17,25.3,82.4,Monsoon,14.3,0.9,3130000,3245.0,2271.5,973.5,885.29,704.76,567.88,113.58,519.7,194.7,194.7,64.4
2019-07-18,25.7,82.4,Monsoon,15.0,1.4,3130000,3320.0,2324.0,996.0,778.77,848.03,581.0,116.2,512.7,199.2,199.2,84.9
2019-07-19,25.7,82.6,Monsoon,17.3,30.0,3130000,3435.0,2404.5,1030.5,865.57,817.58,601.12,120.22,559.06,206.1,206.1,59.24
2019-07-20,24.9,88.8,Monsoon,9.3,4.0,3130000,2955.0,2068.5,886.5,749.39,698.56,517.12,103.43,484.91,177.3,177.3,46.99
2019-07-21,25.9,84.8,Monsoon,17.0,0.1,3130000,3440.0,2408.0,1032.0,814.9,870.7,602.0,120.4,537.86,206.4,206.4,81.34
2019-07-22,26.3,83.9,Monsoon,13.7,0.1,3130000,3315.0,2320.5,994.5,832.32,792.03,580.12,116.02,536.47,198.9,198.9,60.23
2019-07-23,25.7,85.4,Monsoon,13.5,6.8,3130000,3245.0,2271.5,973.5,893.18,696.87,567.88,113.58,526.01,194.7,194.7,58.09
2019-07-24,24.8,87.5,Monsoon,8.9,0.2,3130000,2925.0,2047.5,877.5,723.4,709.85,511.88,102.38,440.62,175.5,175.5,85.88
2019-07-25,23.9,89.9,Monsoon,9.5,6.8,3130000,2865.0,2005.5,859.5,713.07,690.78,501.38,100.28,446.78,171.9,171.9,68.92
2019-07-26,23.2,92.9,Monsoon,5.4,49.0,3130000,2590.0,1813.0,777.0,655.51,613.59,453.25,90.65,416.76,155.4,155.4,49.44
2019-07-27,22.9,92.6,Monsoon,8.6,62.0,3130000,2720.0,1904.0,816.0,652.96,679.84,476.0,95.2,415.9,163.2,163.2,73.7
2019-07-28,23.4,89.9,Monsoon,5.4,0.5,3130000,2610.0,1827.0,783.0,719.33,559.57,456.75,91.35,393.65,156.6,156.6,76.15
2019-07-29,22.8,94.4,Monsoon,5.1,21.5,3130000,2535.0,1774.5,760.5,675.69,566.46,443.62,88.72,405.97,152.1,152.1,50.33
2019-07-30,22.6,94.9,Monsoon,2.4,33.0,3130000,2380.0,1666.0,714.0,656.3,509.9,416.5,83.3,357.32,142.8,142.8,71.08
2019-07-31,23.0,92.8,Monsoon,6.0,5.0,3130000,2600.0,1820.0,780.0,611.48,662.52,455.0,91.0,408.79,156.0,156.0,59.21
2019-08-01,23.5,91.5,Monsoon,7.7,11.0,3130000,2735.0,1914.5,820.5,648.53,691.62,478.62,95.72,427.04,164.1,164.1,65.26
2019-08-02,22.9,93.5,Monsoon,8.7,17.0,3130000,2725.0,1907.5,817.5,730.69,604.56,476.88,95.38,440.36,163.5,163.5,50.14
2019-08-03,22.8,93.5,Monsoon,4.6,29.0,3130000,2510.0,1757.0,753.0,675.9,554.0,439.25,87.85,395.61,150.6,150.6,56.19
2019-08-04,22.6,95.9,Monsoon,2.9,41.0,3130000,2405.0,1683.5,721.5,615.43,563.02,420.88,84.18,374.04,144.3,144.3,58.86
2019-08-05,22.9,96.1,Monsoon,3.4,40.0,3130000,2460.0,1722.0,738.0,631.15,574.25,430.5,86.1,369.63,147.6,147.6,73.17
2019-08-06,23.1,94.6,Monsoon,2.4,4.0,3130000,2430.0,1701.0,729.0,559.57,631.13,425.25,85.05,396.58,145.8,145.8,40.82
2019-08-07,23.1,94.2,Monsoon,5.8,9.0,3130000,2600.0,1820.0,780.0,601.68,672.32,455.0,91.0,413.76,156.0,156.0,54.24
2019-08-08,23.4,92.7,Monsoon,3.9,0.9,3130000,2535.0,1774.5,760.5,571.28,670.87,443.62,88.72,396.12,152.1,152.1,60.18
2019-08-09,23.4,92.4,Monsoon,3.4,0.7,3130000,2510.0,1757.0,753.0,666.28,563.62,439.25,87.85,393.7,150.6,150.6,58.1
2019-08-10,23.8,89.5,Monsoon,12.0,11.3,3130000,2980.0,2086.0,894.0,813.54,646.66,521.5,104.3,489.74,178.8,178.8,46.66
2019-08-11,23.4,91.0,Monsoon,13.2,3.4,3130000,3000.0,2100.0,900.0,670.18,799.82,525.0,105.0,480.2,180.0,180.0,59.8
2019-08-12,24.0,89.0,Monsoon,15.3,0.3,3130000,3165.0,2215.5,949.5,782.66,768.19,553.88,110.78,501.84,189.9,189.9,67.86
2019-08-13,24.2,87.8,Monsoon,13.0,0.6,3130000,3070.0,2149.0,921.0,777.72,726.58,537.25,107.45,462.06,184.2,184.2,90.54
2019-08-14,24.3,87.6,Monsoon,12.1,0.1,3130000,3035.0,2124.5,910.5,759.08,728.07,531.12,106.22,479.68,182.1,182.1,66.62
2019-08-15,23.9,88.8,Monsoon,12.0,0.3,3130000,2990.0,2093.0,897.0,694.61,770.49,523.25,104.65,475.21,179.4,179.4,62.99
2019-08-16,24.0,89.0,Monsoon,15.8,4.0,3130000,3190.0,2233.0,957.0,821.27,741.83,558.25,111.65,525.19,191.4,191.4,49.01
2019-08-17,24.4,85.6,Monsoon,15.7,0.2,3130000,3225.0,2257.5,967.5,848.42,731.83,564.38,112.88,484.34,193.5,193.5,96.16
2019-08-18,24.2,87.7,Monsoon,14.1,1.8,3130000,3125.0,2187.5,937.5,736.17,795.08,546.88,109.38,479.79,187.5,187.5,82.71
2019-08-19,24.8,84.3,Monsoon,15.5,0.9,3130000,3255.0,2278.5,976.5,847.82,747.13,569.62,113.93,490.12,195.3,195.3,95.78
2019-08-20,24.7,82.0,Monsoon,16.1,1.0,3130000,3275.0,2292.5,982.5,913.92,690.83,573.12,114.62,514.6,196.5,196.5,74.9
2019-08-21,24.2,85.0,Monsoon,16.2,0.2,3130000,3230.0,2261.0,969.0,773.48,809.22,565.25,113.05,490.08,193.8,193.8,91.32
2019-08-22,24.2,85.2,Monsoon,14.3,7.0,3130000,3135.0,2194.5,940.5,757.31,778.84,548.62,109.72,483.47,188.1,188.1,80.83
2019-08-23,24.0,85.5,Monsoon,14.2,2.0,3130000,3110.0,2177.0,933.0,785.07,738.83,544.25,108.85,496.14,186.6,186.6,63.66
2019-08-24,24.8,82.2,Monsoon,15.7,1.0,3130000,3265.0,2285.5,979.5,711.83,888.02,571.38,114.28,504.06,195.9,195.9,83.64
2019-08-25,24.4,81.1,Monsoon,16.6,1.1,3130000,3270.0,2289.0,981.0,746.69,855.61,572.25,114.45,494.4,196.2,196.2,94.2
2019-08-26,23.8,83.1,Monsoon,16.4,1.7,3130000,3200.0,2240.0,960.0,795.16,772.84,560.0,112.0,523.58,192.0,192.0,52.42
2019-08-27,23.7,83.1,Monsoon,16.2,3.0,3130000,3180.0,2226.0,954.0,723.37,834.83,556.5,111.3,510.54,190.8,190.8,61.86
2019-08-28,24.4,82.4,Monsoon,16.1,1.7,3130000,3245.0,2271.5,973.5,695.71,894.34,567.88,113.58,521.9,194.7,194.7,62.2
2019-08-29,25.0,83.7,Monsoon,14.3,1.0,3130000,3215.0,2250.5,964.5,742.32,833.03,562.62,112.52,508.92,192.9,192.9,69.78
2019-08-30,24.3,87.2,Monsoon,12.0,1.0,3130000,3030.0,2121.0,909.0,786.6,698.1,530.25,106.05,490.19,181.8,181.8,55.21
2019-08-31,24.1,88.2,Monsoon,11.1,0.2,3130000,2965.0,2075.5,889.5,801.68,651.17,518.88,103.78,475.27,177.9,177.9,58.43
2019-09-01,23.2,92.4,Monsoon,3.4,2.0,3130000,2490.0,1743.0,747.0,568.53,651.57,435.75,87.15,374.35,149.4,149.4,73.85
2019-09-02,23.6,89.1,Monsoon,5.3,0.5,3130000,2625.0,1837.5,787.5,591.68,694.57,459.38,91.88,425.46,157.5,157.5,47.04
2019-09-03,23.7,89.4,Monsoon,4.6,3.0,3130000,2600.0,1820.0,780.0,676.94,597.06,455.0,91.0,394.38,156.0,156.0,73.62
2019-09-04,23.4,92.0,Monsoon,6.9,12.3,3130000,2685.0,1879.5,805.5,629.03,686.62,469.88,93.98,416.4,161.1,161.1,66.9
2019-09-05,23.5,91.1,Monsoon,6.9,2.8,3130000,2695.0,1886.5,808.5,598.53,722.02,471.62,94.32,427.57,161.7,161.7,57.53
2019-09-06,23.3,92.1,Monsoon,9.3,3.0,3130000,2795.0,1956.5,838.5,727.13,642.42,489.12,97.82,436.6,167.7,167.7,66.5
2019-09-07,23.4,91.3,Monsoon,9.1,0.3,3130000,2795.0,1956.5,838.5,592.7,776.85,489.12,97.82,461.07,167.7,167.7,42.03
2019-09-08,23.5,93.3,Monsoon,5.4,5.7,3130000,2620.0,1834.0,786.0,551.1,732.7,458.5,91.7,409.26,157.2,157.2,62.34
2019-09-09,23.2,93.3,Monsoon,7.4,0.2,3130000,2690.0,1883.0,807.0,720.89,597.21,470.75,94.15,436.44,161.4,161.4,47.76
2019-09-10,23.4,90.8,Monsoon,9.8,3.4,3130000,2830.0,1981.0,849.0,659.05,727.65,495.25,99.05,439.63,169.8,169.8,69.77
2019-09-11,23.4,88.4,Monsoon,15.6,0.2,3130000,3120.0,2184.0,936.0,817.21,711.59,546.0,109.2,479.71,187.2,187.2,81.89
2019-09-12,23.5,89.1,Monsoon,8.5,1.0,3130000,2775.0,1942.5,832.5,747.73,612.02,485.62,97.12,437.16,166.5,166.5,62.34
2019-09-13,23.3,91.3,Monsoon,7.9,11.0,3130000,2725.0,1907.5,817.5,691.15,644.1,476.88,95.38,440.82,163.5,163.5,49.68
2019-09-14,23.8,89.2,Monsoon,11.0,3.0,3130000,2930.0,2051.0,879.0,651.0,784.7,512.75,102.55,456.26,175.8,175.8,71.14
2019-09-15,23.5,89.7,Monsoon,13.6,0.3,3130000,3030.0,2121.0,909.0,776.11,708.59,530.25,106.05,476.39,181.8,181.8,69.01
2019-09-16,23.7,88.0,Monsoon,13.9,0.1,3130000,3065.0,2145.5,919.5,653.93,847.92,536.38,107.28,486.13,183.9,183.9,65.57
2019-09-17,23.7,89.0,Monsoon,13.9,2.0,3130000,3065.0,2145.5,919.5,738.3,763.55,536.38,107.28,483.86,183.9,183.9,67.84
2019-09-18,23.9,91.3,Monsoon,11.0,8.0,3130000,2940.0,2058.0,882.0,822.52,618.08,514.5,102.9,467.21,176.4,176.4,61.99
2019-09-19,23.8,92.5,Monsoon,7.4,21.0,3130000,2750.0,1925.0,825.0,645.64,701.86,481.25,96.25,450.33,165.0,165.0,44.67
2019-09-20,23.9,89.0,Monsoon,12.8,0.6,3130000,3030.0,2121.0,909.0,810.99,673.71,530.25,106.05,459.52,181.8,181.8,85.88
2019-09-21,24.5,82.8,Monsoon,13.5,2.0,3130000,3125.0,2187.5,937.5,823.93,707.32,546.88,109.38,499.19,187.5,187.5,63.31
2019-09-22,25.1,81.3,Monsoon,16.0,0.8,3130000,3310.0,2317.0,993.0,815.61,806.29,579.25,115.85,524.87,198.6,198.6,70.93
2019-09-23,24.9,82.2,Monsoon,18.0,0.9,3130000,3390.0,2373.0,1017.0,805.35,855.75,593.25,118.65,519.63,203.4,203.4,90.57
2019-09-24,24.5,88.7,Monsoon,13.4,119.0,3130000,3120.0,2184.0,936.0,785.22,743.58,546.0,109.2,494.64,187.2,187.2,66.96
2019-09-25,24.4,90.1,Monsoon,11.8,66.0,3130000,3030.0,2121.0,909.0,725.13,759.57,530.25,106.05,495.3,181.8,181.8,50.1
2019-09-26,24.5,88.8,Monsoon,12.9,8.2,3130000,3095.0,2166.5,928.5,682.8,833.75,541.62,108.32,488.49,185.7,185.7,68.61
2019-09-27,24.1,86.1,Monsoon,12.7,16.8,3130000,3045.0,2131.5,913.5,778.57,713.48,532.88,106.58,489.14,182.7,182.7,58.96
2019-09-28,24.0,83.9,Monsoon,16.6,0.3,3130000,3230.0,2261.0,969.0,765.39,817.31,565.25,113.05,516.04,193.8,193.8,65.36
2019-09-29,24.2,82.1,Monsoon,18.4,0.1,3130000,3340.0,2338.0,1002.0,864.36,772.24,584.5,116.9,540.12,200.4,200.4,61.08
2019-09-30,24.5,81.9,Monsoon,18.5,0.9,3130000,3375.0,2362.5,1012.5,813.82,839.93,590.62,118.12,523.21,202.5,202.5,84.29
2019-10-01,24.7,81.9,Post-Monsoon,17.1,1.4,3130000,3325.0,2327.5,997.5,895.81,733.44,581.88,116.38,525.73,199.5,199.5,72.77
2019-10-02,24.8,80.7,Post-Monsoon,18.3,0.3,3130000,3395.0,2376.5,1018.5,939.54,724.01,594.12,118.82,540.75,203.7,203.7,70.35
2019-10-03,24.8,82.1,Post-Monsoon,18.4,0.4,3130000,3400.0,2380.0,1020.0,750.96,915.04,595.0,119.0,529.32,204.0,204.0,82.68
2019-10-04,24.1,86.0,Post-Monsoon,17.1,43.0,3130000,3265.0,2285.5,979.5,858.8,741.05,571.38,114.28,537.54,195.9,195.9,50.16
2019-10-05,23.9,86.1,Post-Monsoon,17.2,3.0,3130000,3250.0,2275.0,975.0,863.87,728.63,568.75,113.75,528.59,195.0,195.0,56.41
2019-10-06,23.8,86.6,Post-Monsoon,18.0,14.0,3130000,3280.0,2296.0,984.0,858.54,748.66,574.0,114.8,538.17,196.8,196.8,52.23
2019-10-07,24.5,84.8,Post-Monsoon,17.0,0.1,3130000,3300.0,2310.0,990.0,703.14,913.86,577.5,115.5,514.84,198.0,198.0,79.16
2019-10-08,25.0,82.6,Post-Monsoon,16.8,4.0,3130000,3340.0,2338.0,1002.0,708.92,927.68,584.5,116.9,540.54,200.4,200.4,60.66
2019-10-09,24.7,84.0,Post-Monsoon,15.2,27.0,3130000,3230.0,2261.0,969.0,872.61,710.09,565.25,113.05,501.31,193.8,193.8,80.09
2019-10-10,24.4,84.0,Post-Monsoon,17.4,7.0,3130000,3310.0,2317.0,993.0,806.21,815.69,579.25,115.85,528.86,198.6,198.6,66.94
2019-10-11,24.5,83.5,Post-Monsoon,15.9,4.1,3130000,3245.0,2271.5,973.5,839.13,750.92,567.88,113.58,514.16,194.7,194.7,69.94
2019-10-12,25.0,82.1,Post-Monsoon,17.2,5.3,3130000,3360.0,2352.0,1008.0,935.99,710.41,588.0,117.6,506.85,201.6,201.6,97.95
2019-10-13,25.0,83.8,Post-Monsoon,17.1,0.8,3130000,3355.0,2348.5,1006.5,857.2,786.75,587.12,117.43,523.96,201.3,201.3,79.94
2019-10-14,25.6,79.9,Post-Monsoon,18.3,2.6,3130000,3475.0,2432.5,1042.5,833.9,868.85,608.12,121.62,539.35,208.5,208.5,86.15
2019-10-15,25.2,72.6,Post-Monsoon,21.3,0.0,3130000,3585.0,2509.5,1075.5,915.92,840.73,627.38,125.48,576.97,215.1,215.1,68.33
2019-10-16,24.4,70.0,Post-Monsoon,21.4,0.0,3130000,3510.0,2457.0,1053.0,945.84,774.06,614.25,122.85,575.63,210.6,210.6,56.17
2019-10-17,24.4,72.6,Post-Monsoon,18.5,0.4,3130000,3365.0,2355.5,1009.5,919.01,729.84,588.88,117.78,524.76,201.9,201.9,80.94
2019-10-18,23.8,85.6,Post-Monsoon,7.9,0.3,3130000,2775.0,1942.5,832.5,698.57,661.18,485.62,97.12,427.13,166.5,166.5,72.37
2019-10-19,22.3,94.3,Post-Monsoon,5.0,31.0,3130000,2480.0,1736.0,744.0,679.01,536.19,434.0,86.8,403.69,148.8,148.8,42.71
2019-10-20,21.6,96.9,Post-Monsoon,4.3,21.0,3130000,2375.0,1662.5,712.5,533.7,630.05,415.62,83.12,360.42,142.5,142.5,67.08
2019-10-21,23.2,88.8,Post-Monsoon,9.9,0.1,3130000,2815.0,1970.5,844.5,712.08,667.27,492.62,98.52,435.5,168.9,168.9,71.2
2019-10-22,23.2,91.7,Post-Monsoon,6.4,54.9,3130000,2640.0,1848.0,792.0,679.27,614.33,462.0,92.4,409.58,158.4,158.4,65.62
2019-10-23,23.4,88.5,Post-Monsoon,6.0,4.0,3130000,2640.0,1848.0,792.0,616.0,677.6,462.0,92.4,403.39,158.4,158.4,71.81
2019-10-24,22.8,91.2,Post-Monsoon,4.9,2.0,3130000,2525.0,1767.5,757.5,579.99,657.26,441.88,88.38,400.83,151.5,151.5,53.67
2019-10-25,22.6,89.7,Post-Monsoon,8.5,0.4,3130000,2685.0,1879.5,805.5,640.46,675.19,469.88,93.98,413.79,161.1,161.1,69.51
2019-10-26,23.0,88.1,Post-Monsoon,5.3,0.5,3130000,2565.0,1795.5,769.5,698.28,558.57,448.88,89.78,406.6,153.9,153.9,55.1
2019-10-27,23.9,81.2,Post-Monsoon,14.6,0.1,3130000,3120.0,2184.0,936.0,871.45,657.35,546.0,109.2,504.33,187.2,187.2,57.27
2019-10-28,24.6,77.6,Post-Monsoon,17.2,5.0,3130000,3320.0,2324.0,996.0,915.04,711.76,581.0,116.2,525.18,199.2,199.2,72.42
2019-10-29,25.0,79.9,Post-Monsoon,15.8,0.4,3130000,3290.0,2303.0,987.0,696.01,916.09,575.75,115.15,536.59,197.4,197.4,55.61
2019-10-30,24.6,79.5,Post-Monsoon,17.3,0.2,3130000,3325.0,2327.5,997.5,808.12,821.13,581.88,116.38,532.76,199.5,199.5,65.74
2019-10-31,24.0,81.8,Post-Monsoon,13.7,6.8,3130000,3085.0,2159.5,925.5,802.67,708.98,539.88,107.98,502.39,185.1,185.1,52.91
2019-11-01,24.0,84.5,Post-Monsoon,13.0,2.0,3130000,3050.0,2135.0,915.0,846.82,647.68,533.75,106.75,462.08,183.0,183.0,86.92
2019-11-02,23.7,81.2,Post-Monsoon,15.9,0.1,3130000,3165.0,2215.5,949.5,741.83,809.02,553.88,110.78,481.08,189.9,189.9,88.62
2019-11-03,23.6,83.9,Post-Monsoon,15.1,52.0,3130000,3115.0,2180.5,934.5,731.74,794.61,545.12,109.02,469.11,186.9,186.9,91.59
2019-11-04,24.3,86.3,Post-Monsoon,15.2,31.0,3130000,3190.0,2233.0,957.0,800.25,762.85,558.25,111.65,518.36,191.4,191.4,55.84
2019-11-05,24.9,83.2,Post-Monsoon,16.1,1.8,3130000,3295.0,2306.5,988.5,841.58,772.97,576.62,115.32,501.36,197.7,197.7,91.74
2019-11-06,24.3,84.0,Post-Monsoon,15.3,8.0,3130000,3195.0,2236.5,958.5,863.4,702.15,559.12,111.82,500.07,191.7,191.7,75.03
2019-11-07,23.7,82.8,Post-Monsoon,16.2,0.3,3130000,3180.0,2226.0,954.0,766.38,791.82,556.5,111.3,506.89,190.8,190.8,65.51
2019-11-08,23.0,78.7,Post-Monsoon,16.3,0.0,3130000,3115.0,2180.5,934.5,749.34,777.01,545.12,109.02,482.88,186.9,186.9,77.82
2019-11-09,22.4,75.6,Post-Monsoon,20.1,0.0,3130000,3245.0,2271.5,973.5,781.42,808.63,567.88,113.58,487.9,194.7,194.7,96.2
2019-11-10,23.3,74.1,Post-Monsoon,17.5,0.0,3130000,3205.0,2243.5,961.5,857.86,712.59,560.88,112.18,501.23,192.3,192.3,75.67
2019-11-11,23.3,74.3,Post-Monsoon,18.7,0.0,3130000,3265.0,2285.5,979.5,754.37,845.48,571.38,114.28,534.26,195.9,195.9,53.44
2019-11-12,23.1,77.1,Post-Monsoon,16.4,0.0,3130000,3130.0,2191.0,939.0,734.67,799.03,547.75,109.55,512.21,187.8,187.8,51.19
2019-11-13,23.1,76.3,Post-Monsoon,16.0,0.0,3130000,3110.0,2177.0,933.0,811.8,712.1,544.25,108.85,473.71,186.6,186.6,86.09
2019-11-14,21.8,76.7,Post-Monsoon,16.3,0.0,3130000,2995.0,2096.5,898.5,747.68,719.87,524.12,104.82,471.07,179.7,179.7,68.03
2019-11-15,23.2,78.8,Post-Monsoon,14.2,0.0,3130000,3030.0,2121.0,909.0,801.09,683.61,530.25,106.05,475.0,181.8,181.8,70.4
2019-11-16,23.8,77.9,Post-Monsoon,15.4,0.0,3130000,3150.0,2205.0,945.0,723.96,819.54,551.25,110.25,490.25,189.0,189.0,76.75
2019-11-17,23.9,77.0,Post-Monsoon,15.9,0.1,3130000,3185.0,2229.5,955.5,891.49,669.16,557.38,111.48,511.32,191.1,191.1,61.98
2019-11-18,22.6,71.1,Post-Monsoon,18.8,0.0,3130000,3200.0,2240.0,960.0,791.37,776.63,560.0,112.0,504.36,192.0,192.0,71.64
2019-11-19,22.2,75.6,Post-Monsoon,18.7,0.0,3130000,3155.0,2208.5,946.5,832.21,713.74,552.12,110.43,508.87,189.3,189.3,59.03
2019-11-20,22.6,77.7,Post-Monsoon,17.6,0.0,3130000,3140.0,2198.0,942.0,805.86,732.74,549.5,109.9,480.07,188.4,188.4,85.13
2019-11-21,23.1,76.8,Post-Monsoon,16.2,0.0,3130000,3120.0,2184.0,936.0,769.28,759.52,546.0,109.2,483.69,187.2,187.2,77.91
2019-11-22,22.7,75.7,Post-Monsoon,16.3,0.0,3130000,3085.0,2159.5,925.5,799.47,712.18,539.88,107.98,466.88,185.1,185.1,88.42
2019-11-23,22.6,74.1,Post-Monsoon,18.6,0.0,3130000,3190.0,2233.0,957.0,817.18,745.92,558.25,111.65,510.98,191.4,191.4,63.22
2019-11-24,21.7,72.9,Post-Monsoon,18.5,0.0,3130000,3095.0,2166.5,928.5,681.11,835.44,541.62,108.32,476.28,185.7,185.7,80.82
2019-11-25,21.7,71.8,Post-Monsoon,18.9,0.0,3130000,3115.0,2180.5,934.5,742.76,783.59,545.12,109.02,507.04,186.9,186.9,53.66
2019-11-26,21.8,73.6,Post-Monsoon,18.5,0.0,3130000,3105.0,2173.5,931.5,838.93,682.52,543.38,108.68,467.38,186.3,186.3,91.52
2019-11-27,21.9,73.3,Post-Monsoon,18.5,0.0,3130000,3115.0,2180.5,934.5,845.84,680.51,545.12,109.02,500.35,186.9,186.9,60.35
2019-11-28,22.6,71.4,Post-Monsoon,17.4,0.0,3130000,3130.0,2191.0,939.0,871.7,662.0,547.75,109.55,514.15,187.8,187.8,49.25
2019-11-29,23.3,76.2,Post-Monsoon,14.6,0.4,3130000,3060.0,2142.0,918.0,753.53,745.87,535.5,107.1,488.62,183.6,183.6,62.18
2019-11-30,23.2,77.3,Post-Monsoon,16.2,0.0,3130000,3130.0,2191.0,939.0,869.53,664.17,547.75,109.55,493.79,187.8,187.8,69.61
2019-12-01,23.2,73.4,Winter,16.2,0.0,3130000,3130.0,2191.0,939.0,774.05,759.65,547.75,109.55,510.59,187.8,187.8,52.81
2019-12-02,23.0,73.2,Winter,15.5,0.3,3130000,3075.0,2152.5,922.5,670.99,835.76,538.12,107.62,489.81,184.5,184.5,63.69
2019-12-03,22.9,74.4,Winter,14.5,0.1,3130000,3015.0,2110.5,904.5,673.53,803.82,527.62,105.52,485.05,180.9,180.9,57.65
2019-12-04,23.2,73.4,Winter,11.4,0.0,3130000,2890.0,2023.0,867.0,644.46,771.64,505.75,101.15,440.59,173.4,173.4,79.61
2019-12-05,23.1,76.1,Winter,7.5,2.8,3130000,2685.0,1879.5,805.5,575.15,740.5,469.88,93.98,434.84,161.1,161.1,48.46
2019-12-06,22.7,68.5,Winter,16.0,0.0,3130000,3070.0,2149.0,921.0,787.67,716.63,537.25,107.45,496.61,184.2,184.2,55.99
2019-12-07,21.1,70.7,Winter,16.3,0.0,3130000,2925.0,2047.5,877.5,768.04,665.21,511.88,102.38,465.76,175.5,175.5,60.74
2019-12-08,21.3,72.9,Winter,15.1,0.0,3130000,2885.0,2019.5,865.5,619.43,794.22,504.88,100.98,442.0,173.1,173.1,77.3
2019-12-09,22.6,75.8,Winter,13.4,0.0,3130000,2930.0,2051.0,879.0,759.59,676.11,512.75,102.55,443.08,175.8,175.8,84.32
2019-12-10,22.4,77.3,Winter,13.4,0.0,3130000,2910.0,2037.0,873.0,789.49,636.41,509.25,101.85,451.32,174.6,174.6,72.48
2019-12-11,22.6,75.3,Winter,15.4,0.0,3130000,3030.0,2121.0,909.0,836.07,648.63,530.25,106.05,462.46,181.8,181.8,82.94
2019-12-12,22.7,75.4,Winter,15.4,0.0,3130000,3040.0,2128.0,912.0,665.31,824.29,532.0,106.4,490.1,182.4,182.4,57.1
2019-12-13,21.4,74.0,Winter,16.7,0.0,3130000,2975.0,2082.5,892.5,694.06,763.69,520.62,104.12,449.25,178.5,178.5,86.25
2019-12-14,20.8,74.6,Winter,16.4,0.0,3130000,2900.0,2030.0,870.0,758.91,662.09,507.5,101.5,439.87,174.0,174.0,82.13
2019-12-15,21.8,74.3,Winter,14.2,0.0,3130000,2890.0,2023.0,867.0,641.06,775.04,505.75,101.15,434.97,173.4,173.4,85.23
2019-12-16,21.6,74.9,Winter,15.5,0.0,3130000,2935.0,2054.5,880.5,789.81,648.34,513.62,102.72,477.44,176.1,176.1,50.86
2019-12-17,20.9,73.9,Winter,16.5,0.0,3130000,2915.0,2040.5,874.5,775.02,653.33,510.12,102.02,466.04,174.9,174.9,58.66
2019-12-18,20.7,73.9,Winter,17.6,0.0,3130000,2950.0,2065.0,885.0,816.22,629.28,516.25,103.25,454.48,177.0,177.0,76.52
2019-12-19,20.7,72.7,Winter,17.7,0.0,3130000,2955.0,2068.5,886.5,799.68,648.27,517.12,103.43,462.93,177.3,177.3,68.97
2019-12-20,20.7,74.3,Winter,17.0,0.0,3130000,2920.0,2044.0,876.0,757.06,673.74,511.0,102.2,453.59,175.2,175.2,72.01
2019-12-21,21.6,71.2,Winter,16.8,0.0,3130000,3000.0,2100.0,900.0,660.72,809.28,525.0,105.0,489.27,180.0,180.0,50.73
2019-12-22,22.2,71.1,Winter,13.6,0.0,3130000,2900.0,2030.0,870.0,713.06,707.94,507.5,101.5,445.36,174.0,174.0,76.64
2019-12-23,22.9,70.8,Winter,15.3,0.0,3130000,3055.0,2138.5,916.5,770.84,726.11,534.62,106.93,478.19,183.3,183.3,71.71
2019-12-24,22.8,75.0,Winter,13.4,0.0,3130000,2950.0,2065.0,885.0,782.36,663.14,516.25,103.25,472.98,177.0,177.0,58.02
2019-12-25,23.6,78.7,Winter,8.8,0.1,3130000,2800.0,1960.0,840.0,641.2,730.8,490.0,98.0,448.35,168.0,168.0,55.65
2019-12-26,22.8,84.4,Winter,10.3,5.9,3130000,2795.0,1956.5,838.5,632.75,736.8,489.12,97.82,420.02,167.7,167.7,83.08
2019-12-27,21.3,82.8,Winter,13.8,0.0,3130000,2820.0,1974.0,846.0,655.12,726.68,493.5,98.7,445.18,169.2,169.2,62.42
2019-12-28,20.4,79.8,Winter,12.6,0.0,3130000,2670.0,1869.0,801.0,594.65,713.65,467.25,93.45,413.65,160.2,160.2,66.95
2019-12-29,21.0,74.7,Winter,12.9,0.4,3130000,2745.0,1921.5,823.5,584.38,760.67,480.38,96.08,425.21,164.7,164.7,68.89
2019-12-30,21.1,76.2,Winter,16.1,0.1,3130000,2915.0,2040.5,874.5,652.28,776.07,510.12,102.02,462.8,174.9,174.9,61.9
2019-12-31,20.3,69.0,Winter,18.2,0.0,3130000,2940.0,2058.0,882.0,677.81,762.79,514.5,102.9,446.88,176.4,176.4,82.32
